A,B,C,D,E,F
Bags,USD,319,3,11.23,0
Bags,USD,3103,4,11.23,0
Bags,USD,3103,4,11.23,0
Bags,USD,3103,4,11.23,0
Bags,USD,3103,4,11.23,0
Bags,SGD,1893,4,11.49,0
Bags,SGD,107,4,12,0
Bags,SGD,8783,4,12,0
Bags,USD,39,5,12.45,0
Bags,USD,39,5,12.45,0
Bags,USD,39,5,12.45,1
Bags,USD,5017,5,12.45,0
Bags,USD,5017,5,12.45,0
Bags,USD,3109,5,12.46,1
Bags,SGD,7229,4,12.99,0
Bags,SGD,8783,4,12.99,1
Bags,SGD,8783,4,13.27,0
Bags,SGD,1893,4,13.49,0
Bags,SGD,4701,4,13.6,0
Bags,SGD,4701,4,13.6,0
Bags,SGD,4701,4,13.6,0
Bags,SGD,4701,4,13.6,0
Bags,SGD,4701,4,13.6,0
Bags,SGD,4701,4,13.6,0
Bags,SGD,4701,4,13.6,0
Bags,SGD,4701,4,13.6,0
Bags,SGD,4701,4,13.6,0
Bags,SGD,4701,4,13.6,0
Bags,SGD,4701,4,13.6,0
Bags,SGD,4701,4,13.6,0
Bags,SGD,4701,4,13.6,0
Bags,SGD,4701,4,13.6,0
Bags,SGD,4701,4,13.6,0
Bags,SGD,4701,4,13.6,0
Bags,SGD,4701,4,13.6,1
Bags,SGD,4701,4,13.6,1
Bags,USD,1239,4,13.69,0
Bags,SGD,4701,4,13.85,1
Bags,SGD,4701,4,13.85,1
Bags,SGD,4701,4,13.85,1
Bags,SGD,4701,4,13.85,1
Bags,SGD,4701,4,13.85,1
Bags,SGD,4701,4,13.85,1
Bags,SGD,7229,4,13.99,0
Bags,SGD,7229,4,13.99,0
Bags,SGD,8783,4,13.99,0
Bags,SGD,8783,4,13.99,0
Bags,SGD,8783,4,13.99,0
Bags,SGD,8783,4,13.99,0
Bags,SGD,4701,4,14.12,1
Bags,SGD,4701,4,14.24,1
Bags,SGD,7229,4,14.25,1
Bags,SGD,4701,4,14.35,1
Bags,SGD,4701,4,14.36,1
Bags,SGD,4701,4,14.36,1
Bags,SGD,4701,4,14.36,1
Bags,SGD,6557,2,14.5,0
Bags,SGD,8797,4,14.5,0
Bags,SGD,8797,4,14.5,0
Bags,SGD,4701,4,14.51,1
Bags,SGD,4701,4,14.7,1
Bags,SGD,4701,4,14.81,1
Bags,USD,557,4,14.92,0
Bags,SGD,4701,4,14.94,1
Bags,SGD,8783,4,14.95,0
Bags,SGD,8799,3,14.99,0
Bags,SGD,8783,4,14.99,0
Bags,SGD,8783,4,14.99,0
Bags,SGD,8797,4,14.99,0
Bags,SGD,8797,4,14.99,0
Bags,SGD,8799,4,14.99,0
Bags,SGD,4701,4,15.01,1
Bags,SGD,8799,2,15.25,0
Bags,SGD,8783,4,15.27,1
Bags,SGD,8783,4,15.49,0
Bags,SGD,8783,4,15.49,0
Bags,SGD,4701,4,15.5,1
Bags,SGD,4701,4,15.5,1
Bags,SGD,4701,4,15.51,1
Bags,SGD,8783,4,15.52,0
Bags,SGD,4701,4,15.61,1
Bags,SGD,4701,4,15.61,1
Bags,SGD,8799,3,15.75,0
Bags,SGD,8783,4,15.75,0
Bags,SGD,8783,4,15.99,0
Bags,SGD,4701,4,16.01,1
Bags,USD,39,5,16.15,1
Bags,SGD,4701,4,16.19,1
Bags,SGD,4701,4,16.4,1
Bags,SGD,8783,4,16.49,0
Bags,SGD,8783,4,16.5,1
Bags,SGD,8783,4,16.53,1
Bags,USD,2623,3,16.85,1
Bags,SGD,4701,4,16.89,1
Bags,SGD,3683,3,16.99,0
Bags,SGD,13313,3,16.99,0
Bags,SGD,7229,4,16.99,0
Bags,SGD,8783,4,16.99,0
Bags,SGD,8783,4,16.99,0
Bags,SGD,8783,4,16.99,0
Bags,SGD,8783,4,16.99,0
Bags,SGD,8783,4,16.99,0
Bags,SGD,4701,4,17,1
Bags,SGD,4701,4,17.5,1
Bags,SGD,8783,4,17.95,1
Bags,SGD,7229,4,17.99,0
Bags,SGD,4701,4,18,1
Bags,SGD,8783,4,18.18,1
Bags,SGD,8783,4,18.2,0
Bags,SGD,4701,4,18.26,1
Bags,SGD,4701,4,18.5,1
Bags,SGD,4701,4,18.5,1
Bags,SGD,4701,4,18.5,1
Bags,USD,5017,4,18.71,1
Bags,SGD,4701,4,18.75,1
Bags,SGD,4701,4,19,1
Bags,SGD,4701,4,19.11,1
Bags,SGD,4701,4,19.26,1
Bags,SGD,8783,4,19.47,1
Bags,SGD,4701,4,19.8,1
Bags,USD,1239,4,19.84,0
Bags,USD,1239,4,19.84,0
Bags,SGD,8783,4,19.99,0
Bags,SGD,4701,4,20.11,1
Bags,SGD,4701,4,20.5,1
Bags,SGD,4701,4,20.5,1
Bags,SGD,4701,4,21.5,1
Bags,SGD,8783,4,21.5,1
Bags,SGD,4701,4,21.99,1
Bags,SGD,4701,4,22.03,1
Bags,SGD,4701,4,22.5,1
Bags,SGD,7229,4,22.55,1
Bags,SGD,4701,4,23,1
Bags,SGD,4701,4,23.01,1
Bags,SGD,4701,4,23.26,1
Bags,SGD,4701,4,24.5,1
Bags,SGD,4701,4,25,1
Bags,SGD,4701,4,25.5,1
Bags,SGD,265,5,26.5,1
Bags,USD,5017,5,26.6,1
Bags,SGD,4701,4,27.1,1
Bags,SGD,4701,4,27.1,1
Bags,SGD,4701,4,27.26,1
Bags,SGD,4701,4,27.51,1
Bags,SGD,4701,4,28.26,1
Bags,SGD,4701,4,28.29,1
Bags,USD,1239,4,28.45,0
Bags,SGD,4701,4,28.61,1
Bags,SGD,4701,4,29.5,1
Bags,SGD,2443,3,29.99,0
Bags,SGD,8783,4,29.99,0
Bags,SGD,4701,4,30,1
Bags,SGD,4701,4,30.5,1
Bags,SGD,4701,5,30.5,1
Bags,SGD,365,3,31.08,1
Bags,SGD,8797,4,31.99,0
Bags,SGD,4701,4,33.09,1
Bags,SGD,4701,4,33.15,1
Bags,SGD,4701,4,36,1
Bags,SGD,4701,4,36.01,1
Bags,SGD,8783,4,37,0
Bags,SGD,4701,4,38.04,1
Bags,SGD,4701,4,38.87,1
Bags,SGD,4701,4,41.76,1
Bags,SGD,4701,4,42.69,1
Bags,SGD,8783,4,42.95,0
Bags,SGD,4701,5,43.89,1
Bags,SGD,8783,4,51.49,0
Bags,SGD,4701,4,51.51,1
Bags,SGD,5891,4,66.02,1
Bags,SGD,4701,4,66.03,1
Bags,USD,535,2,71,1
Bags,USD,535,2,72.09,1
Bags,SGD,4701,4,76,1
Bags,USD,535,2,88.32,1
Bags,USD,1051,3,124.48,1
Bags,GBP,759,4,247.37,1
Beauty-PersonalCare,USD,143,4,12.45,0
Beauty-PersonalCare,USD,143,4,12.45,0
Beauty-PersonalCare,USD,143,4,12.45,0
Beauty-PersonalCare,USD,143,4,12.45,0
Beauty-PersonalCare,SGD,2313,4,13.99,0
Beauty-PersonalCare,SGD,2313,4,13.99,0
Beauty-PersonalCare,SGD,2313,4,13.99,0
Beauty-PersonalCare,SGD,4921,4,14.24,1
Beauty-PersonalCare,SGD,2313,4,14.49,0
Beauty-PersonalCare,SGD,2121,3,14.95,0
Beauty-PersonalCare,SGD,8799,3,14.99,0
Beauty-PersonalCare,SGD,8799,3,14.99,0
Beauty-PersonalCare,SGD,2313,4,14.99,0
Beauty-PersonalCare,SGD,2313,4,14.99,0
Beauty-PersonalCare,SGD,2313,4,14.99,0
Beauty-PersonalCare,SGD,2313,4,14.99,0
Beauty-PersonalCare,SGD,2313,4,14.99,0
Beauty-PersonalCare,SGD,8797,4,15.25,0
Beauty-PersonalCare,SGD,2313,4,15.99,0
Beauty-PersonalCare,SGD,2313,4,15.99,0
Beauty-PersonalCare,SGD,2313,4,15.99,0
Beauty-PersonalCare,SGD,2313,4,15.99,0
Beauty-PersonalCare,SGD,2313,4,15.99,0
Beauty-PersonalCare,SGD,2313,4,15.99,0
Beauty-PersonalCare,SGD,2313,4,15.99,0
Beauty-PersonalCare,SGD,8797,4,15.99,0
Beauty-PersonalCare,SGD,2313,4,16.45,0
Beauty-PersonalCare,SGD,2313,4,16.95,1
Beauty-PersonalCare,SGD,2313,4,16.99,0
Beauty-PersonalCare,SGD,2313,4,16.99,0
Beauty-PersonalCare,SGD,2313,4,16.99,0
Beauty-PersonalCare,SGD,2313,4,17.49,1
Beauty-PersonalCare,SGD,18009,4,17.49,1
Beauty-PersonalCare,SGD,2813,2,17.99,0
Beauty-PersonalCare,SGD,2313,4,17.99,0
Beauty-PersonalCare,SGD,2313,4,17.99,0
Beauty-PersonalCare,SGD,2313,4,17.99,0
Beauty-PersonalCare,SGD,2313,4,17.99,0
Beauty-PersonalCare,SGD,2313,4,17.99,0
Beauty-PersonalCare,SGD,2313,4,17.99,0
Beauty-PersonalCare,SGD,2313,4,17.99,0
Beauty-PersonalCare,SGD,2313,4,18.49,1
Beauty-PersonalCare,SGD,2313,4,18.5,1
Beauty-PersonalCare,SGD,2313,4,18.99,0
Beauty-PersonalCare,SGD,2313,4,18.99,0
Beauty-PersonalCare,SGD,2313,4,18.99,0
Beauty-PersonalCare,SGD,2313,4,18.99,0
Beauty-PersonalCare,SGD,2313,4,18.99,0
Beauty-PersonalCare,SGD,2313,4,18.99,0
Beauty-PersonalCare,SGD,2313,4,18.99,0
Beauty-PersonalCare,SGD,2313,4,20.5,1
Beauty-PersonalCare,USD,169,5,22.29,0
Beauty-PersonalCare,USD,169,5,22.29,0
Beauty-PersonalCare,SGD,2313,4,22.37,1
Beauty-PersonalCare,SGD,2313,4,23.5,1
Beauty-PersonalCare,SGD,2313,4,25.5,1
Beauty-PersonalCare,USD,1359,3,28.45,0
Beauty-PersonalCare,SGD,8799,1,28.99,0
Beauty-PersonalCare,SGD,8799,3,28.99,0
Beauty-PersonalCare,SGD,8799,3,28.99,0
Beauty-PersonalCare,SGD,221,3,31.71,1
Beauty-PersonalCare,SGD,2313,4,36.99,0
Beauty-PersonalCare,SGD,2313,4,39.99,0
Beauty-PersonalCare,USD,1359,4,64.65,0
Books,SGD,63,4,10.7,0
Books,USD,823,3,11.23,0
Books,USD,1335,3,11.23,0
Books,USD,1733,3,11.23,0
Books,USD,211,4,11.23,0
Books,USD,181,5,11.23,0
Books,USD,1733,5,11.23,0
Books,USD,1733,5,11.23,0
Books,USD,1733,5,11.23,0
Books,USD,2775,5,11.23,0
Books,USD,3109,5,11.71,0
Books,GBP,301,4,11.77,0
Books,USD,3109,5,11.83,0
Books,USD,4329,5,11.84,1
Books,USD,539,5,12.46,1
Books,GBP,405,4,12.66,0
Books,GBP,5465,4,12.66,0
Books,SGD,1279,2,12.99,0
Books,SGD,7229,4,12.99,1
Books,USD,2775,5,13.07,1
Books,USD,33,5,13.09,1
Books,GBP,5465,4,13.57,1
Books,SGD,1279,3,13.99,0
Books,SGD,2931,4,13.99,0
Books,SGD,3621,4,13.99,0
Books,SGD,233,4,14,0
Books,SGD,7731,4,14.24,1
Books,SGD,7229,4,14.25,1
Books,SGD,1303,4,14.85,1
Books,USD,645,5,14.92,0
Books,SGD,4385,4,15.99,0
Books,USD,13,5,16.15,0
Books,USD,591,5,16.15,0
Books,USD,169,5,16.47,1
Books,SGD,7731,4,16.49,1
Books,SGD,7229,4,17.5,1
Books,SGD,427,4,19.01,1
Books,SGD,7731,4,19.59,1
Books,SGD,2515,4,19.99,0
Books,SGD,7731,4,20.5,1
Books,SGD,4385,3,20.99,0
Books,SGD,707,4,21.5,1
Books,USD,3441,4,22.32,1
Books,GBP,179,4,25.26,1
Books,USD,3441,1,34.23,0
Books,USD,833,5,36.3,1
Books,SGD,19,3,57.78,1
Books,GBP,405,4,59.78,1
Books,SGD,4385,4,60,1
Books,SGD,4385,4,66,1
Books,SGD,2387,4,213.5,1
Books,GBP,2061,4,229.52,1
Books,SGD,3123,4,266,1
Books,SGD,313,4,431,1
Car-Accessories,SGD,6233,4,10.01,0
Car-Accessories,SGD,6233,4,10.01,0
Car-Accessories,SGD,6233,4,10.01,0
Car-Accessories,SGD,6233,4,10.01,0
Car-Accessories,SGD,6233,4,10.01,1
Car-Accessories,SGD,6233,4,10.01,1
Car-Accessories,SGD,1589,2,10.99,1
Car-Accessories,SGD,229,3,11,0
Car-Accessories,USD,49,5,11.23,0
Car-Accessories,SGD,6231,2,11.99,0
Car-Accessories,SGD,4327,3,12.24,1
Car-Accessories,SGD,6233,4,12.31,1
Car-Accessories,USD,11405,5,12.45,0
Car-Accessories,SGD,20137,2,16,0
Car-Accessories,USD,1055,5,16.89,1
Car-Accessories,SGD,705,2,16.95,0
Car-Accessories,SGD,705,2,16.95,0
Car-Accessories,SGD,3847,3,16.99,0
Car-Accessories,USD,1055,5,17.39,1
Car-Accessories,SGD,705,2,17.95,0
Car-Accessories,USD,1055,5,17.99,1
Car-Accessories,USD,1055,5,17.99,1
Car-Accessories,SGD,20137,2,18.5,0
Car-Accessories,SGD,20137,2,18.5,0
Car-Accessories,USD,1055,5,18.61,1
Car-Accessories,SGD,13811,1,18.87,0
Car-Accessories,GBP,2783,4,18.91,0
Car-Accessories,USD,1055,5,19.24,1
Car-Accessories,SGD,705,2,19.95,0
Car-Accessories,SGD,39,2,19.99,0
Car-Accessories,SGD,1917,3,19.99,0
Car-Accessories,SGD,1379,4,19.99,0
Car-Accessories,SGD,18009,4,19.99,0
Car-Accessories,SGD,707,2,21.95,0
Car-Accessories,SGD,20137,2,22,0
Car-Accessories,SGD,20137,2,22,0
Car-Accessories,SGD,20137,2,22.5,0
Car-Accessories,SGD,20137,2,22.99,0
Car-Accessories,SGD,39,2,23,1
Car-Accessories,GBP,2783,4,24.26,0
Car-Accessories,GBP,2783,4,24.26,0
Car-Accessories,SGD,8917,2,25,0
Car-Accessories,SGD,20137,2,25,0
Car-Accessories,SGD,1049,4,25.5,1
Car-Accessories,SGD,1917,3,25.99,0
Car-Accessories,SGD,20137,2,26.5,0
Car-Accessories,SGD,415,3,27.55,1
Car-Accessories,SGD,4869,2,28,0
Car-Accessories,SGD,20137,2,28,0
Car-Accessories,SGD,20137,2,28.5,1
Car-Accessories,GBP,179,4,28.74,1
Car-Accessories,SGD,20137,2,28.99,0
Car-Accessories,SGD,2731,4,28.99,0
Car-Accessories,SGD,20137,2,29.5,1
Car-Accessories,SGD,20137,2,29.5,0
Car-Accessories,SGD,1917,3,29.99,0
Car-Accessories,SGD,20137,2,31,0
Car-Accessories,SGD,20137,2,31,0
Car-Accessories,SGD,20137,2,31,0
Car-Accessories,SGD,20137,2,31,0
Car-Accessories,SGD,20137,2,31,0
Car-Accessories,SGD,20137,2,31,0
Car-Accessories,SGD,1635,2,32,0
Car-Accessories,SGD,4869,2,32.5,1
Car-Accessories,SGD,20137,2,33.5,1
Car-Accessories,SGD,705,2,34.95,0
Car-Accessories,SGD,20137,2,34.95,0
Car-Accessories,SGD,2329,4,34.99,0
Car-Accessories,SGD,1171,3,36,1
Car-Accessories,SGD,227,3,38.99,0
Car-Accessories,SGD,1635,3,39,0
Car-Accessories,SGD,39,2,39.5,1
Car-Accessories,SGD,2731,3,40.95,0
Car-Accessories,SGD,16205,2,40.99,1
Car-Accessories,SGD,725,1,41,0
Car-Accessories,SGD,8917,4,42,0
Car-Accessories,SGD,707,3,42.95,0
Car-Accessories,SGD,4857,2,43.95,0
Car-Accessories,SGD,4857,2,43.95,0
Car-Accessories,SGD,4857,2,43.95,0
Car-Accessories,SGD,1345,3,44.95,0
Car-Accessories,SGD,8917,4,45,0
Car-Accessories,SGD,2731,4,45.99,0
Car-Accessories,SGD,20137,2,47.95,0
Car-Accessories,SGD,4857,2,48.95,1
Car-Accessories,SGD,4857,2,48.99,0
Car-Accessories,SGD,4857,2,48.99,0
Car-Accessories,SGD,4857,2,48.99,0
Car-Accessories,SGD,20137,2,49.5,0
Car-Accessories,SGD,1433,3,49.5,0
Car-Accessories,SGD,1345,3,49.95,0
Car-Accessories,SGD,1345,3,49.95,0
Car-Accessories,SGD,2731,4,52,0
Car-Accessories,SGD,61,3,53,1
Car-Accessories,SGD,20137,2,53.5,0
Car-Accessories,SGD,20137,2,53.5,0
Car-Accessories,SGD,1345,3,54.95,0
Car-Accessories,SGD,1345,3,54.95,0
Car-Accessories,SGD,1345,3,57.5,0
Car-Accessories,SGD,1345,3,57.5,0
Car-Accessories,SGD,169,3,58,1
Car-Accessories,USD,215,4,59.26,1
Car-Accessories,SGD,5987,2,59.95,0
Car-Accessories,SGD,707,3,59.95,0
Car-Accessories,SGD,20137,2,59.99,0
Car-Accessories,SGD,16205,2,61,1
Car-Accessories,SGD,1005,4,62,1
Car-Accessories,USD,145,4,65.94,1
Car-Accessories,SGD,20137,2,67,0
Car-Accessories,SGD,5987,2,69.95,0
Car-Accessories,SGD,1345,3,71,1
Car-Accessories,SGD,2731,3,75.95,0
Car-Accessories,SGD,1345,3,76.77,1
Car-Accessories,SGD,6495,2,77.95,0
Car-Accessories,SGD,23,3,80,1
Car-Accessories,SGD,5987,3,84,1
Car-Accessories,SGD,2731,4,86.5,0
Car-Accessories,SGD,5987,2,89,1
Car-Accessories,SGD,5987,3,92.95,0
Car-Accessories,SGD,2731,3,93.95,0
Car-Accessories,SGD,2731,3,95,0
Car-Accessories,SGD,295,4,95,0
Car-Accessories,USD,961,4,95.92,1
Car-Accessories,SGD,5987,3,96,1
Car-Accessories,SGD,2731,4,99,0
Car-Accessories,SGD,295,2,99.95,0
Car-Accessories,SGD,5987,2,99.95,0
Car-Accessories,SGD,5987,2,99.95,0
Car-Accessories,SGD,5987,2,99.95,0
Car-Accessories,SGD,5987,2,99.95,0
Car-Accessories,SGD,5987,2,99.95,0
Car-Accessories,SGD,295,3,99.95,0
Car-Accessories,SGD,2731,3,99.95,0
Car-Accessories,SGD,2731,4,100,0
Car-Accessories,SGD,69,4,101,1
Car-Accessories,SGD,19,4,101,1
Car-Accessories,SGD,5987,3,103,1
Car-Accessories,SGD,5987,2,105,0
Car-Accessories,SGD,295,3,105,0
Car-Accessories,USD,1075,5,107.15,0
Car-Accessories,SGD,5987,2,109.09,1
Car-Accessories,SGD,5987,2,109.95,0
Car-Accessories,SGD,5987,2,109.95,0
Car-Accessories,SGD,2265,5,110,0
Car-Accessories,SGD,269,4,114.49,1
Car-Accessories,SGD,2731,3,118,0
Car-Accessories,SGD,295,3,125,0
Car-Accessories,SGD,2731,4,127,0
Car-Accessories,SGD,5987,2,131.5,1
Car-Accessories,SGD,5987,2,132.5,1
Car-Accessories,USD,329,5,132.95,1
Car-Accessories,USD,329,4,134.2,1
Car-Accessories,SGD,2731,4,138,0
Car-Accessories,SGD,2731,4,138,0
Car-Accessories,SGD,2731,4,144,0
Car-Accessories,SGD,2731,4,145,1
Car-Accessories,SGD,3899,4,167.54,1
Car-Accessories,USD,613,5,171.08,1
Car-Accessories,SGD,5987,2,179,0
Car-Accessories,SGD,23,3,180.5,1
Car-Accessories,USD,961,4,201.84,1
Car-Accessories,SGD,5,3,207.5,1
Car-Accessories,SGD,727,3,209,1
Car-Accessories,SGD,2273,2,212.5,1
Car-Accessories,SGD,5987,3,239.5,1
Car-Accessories,SGD,197,2,300,0
Car-Accessories,SGD,61,1,310,1
Car-Accessories,SGD,5987,3,369.95,0
Car-Accessories,SGD,287,4,531.55,1
Car-Accessories,SGD,751,4,555,1
Car-Accessories,SGD,2803,3,559,0
Car-Accessories,SGD,3,5,600,1
Car-Accessories,SGD,45,3,620,1
Car-Accessories,USD,67,4,740.47,1
Car-Accessories,USD,11,5,790.89,1
Car-Accessories,SGD,117,4,830,1
Car-Accessories,USD,93,3,873.28,1
Car-Accessories,SGD,293,4,1009,0
Clothing,USD,1733,3,11.23,0
Clothing,USD,85,4,11.23,0
Clothing,USD,561,5,11.23,0
Clothing,GBP,5985,4,11.77,0
Clothing,USD,51,4,12.45,0
Clothing,USD,1141,5,13.07,1
Clothing,USD,633,4,13.68,0
Clothing,USD,85,5,13.69,1
Clothing,USD,85,5,13.69,1
Clothing,SGD,7229,4,13.99,0
Clothing,USD,3325,4,14.33,1
Clothing,GBP,157,4,14.82,1
Clothing,USD,285,4,14.91,0
Clothing,USD,285,4,16.14,0
Clothing,USD,285,4,16.14,0
Clothing,USD,601,4,16.15,1
Clothing,SGD,7229,4,16.99,0
Clothing,SGD,845,3,17.25,1
Clothing,USD,4035,3,17.5,1
Clothing,USD,319,2,18.49,0
Clothing,SGD,7229,4,18.99,0
Clothing,USD,4035,4,19.16,0
Clothing,USD,39,5,19.22,1
Clothing,USD,351,5,19.22,1
Clothing,USD,2733,5,19.78,0
Clothing,SGD,10903,4,19.99,0
Clothing,SGD,10903,4,19.99,0
Clothing,SGD,10903,4,19.99,0
Clothing,USD,2733,5,21.01,0
Clothing,USD,2701,4,21.07,0
Clothing,USD,2733,5,22.24,0
Clothing,USD,2733,5,22.24,0
Clothing,USD,2733,5,22.24,0
Clothing,USD,2733,5,22.24,0
Clothing,USD,2733,5,22.24,0
Clothing,USD,2733,5,22.24,0
Clothing,USD,2733,5,22.24,0
Clothing,USD,2733,5,22.24,0
Clothing,USD,2733,5,22.24,0
Clothing,USD,2733,5,22.24,0
Clothing,USD,6753,5,22.3,0
Clothing,USD,6753,5,24.76,0
Clothing,SGD,1935,4,25.5,1
Clothing,USD,1141,5,26.59,1
Clothing,USD,4035,3,27.01,1
Clothing,USD,2263,5,27.22,0
Clothing,USD,77,2,27.83,1
Clothing,USD,4035,3,28.32,0
Clothing,USD,561,5,28.32,0
Clothing,USD,2733,5,28.38,0
Clothing,USD,2733,5,28.38,0
Clothing,USD,2733,5,28.38,0
Clothing,USD,2335,4,28.43,0
Clothing,USD,2335,4,28.43,0
Clothing,USD,2335,4,28.43,0
Clothing,SGD,1677,2,28.99,0
Clothing,USD,1041,3,29.06,1
Clothing,USD,2263,4,29.68,0
Clothing,GBP,5985,4,30.52,1
Clothing,USD,2361,5,31.52,1
Clothing,USD,1041,4,32.14,1
Clothing,USD,1695,5,32.14,0
Clothing,USD,4079,3,32.15,1
Clothing,USD,2335,4,33.37,0
Clothing,USD,1695,5,33.44,1
Clothing,USD,485,4,33.97,1
Clothing,USD,2247,5,34.53,0
Clothing,USD,3325,4,34.58,0
Clothing,USD,2733,5,37.48,1
Clothing,USD,331,4,40.62,0
Clothing,USD,789,5,41.11,1
Clothing,USD,559,4,41.36,1
Clothing,USD,1193,4,43.82,1
Clothing,USD,789,5,45.02,1
Clothing,USD,8309,5,45.52,1
Clothing,USD,1193,4,46.28,1
Clothing,USD,331,4,46.77,0
Clothing,USD,331,4,46.77,0
Clothing,USD,331,4,46.77,0
Clothing,USD,331,4,46.77,0
Clothing,USD,1193,4,47.51,1
Clothing,USD,1193,4,49.97,1
Clothing,USD,1193,4,50.58,1
Clothing,USD,8309,5,50.58,0
Clothing,USD,1193,5,51.2,1
Clothing,USD,743,4,51.21,1
Clothing,USD,331,3,53.66,1
Clothing,USD,331,4,53.77,1
Clothing,USD,331,4,54.15,1
Clothing,USD,2705,3,54.28,1
Clothing,USD,789,5,55.5,1
Clothing,USD,1193,4,56.12,1
Clothing,USD,331,3,59.07,0
Clothing,USD,331,4,59.07,0
Clothing,USD,331,4,59.07,1
Clothing,USD,77,2,59.8,1
Clothing,USD,77,3,59.8,1
Clothing,USD,4035,3,59.8,1
Clothing,USD,85,4,61.03,1
Clothing,USD,331,3,65.95,1
Clothing,USD,331,4,65.95,1
Clothing,SGD,5891,4,70,1
Clothing,USD,331,3,70.63,1
Clothing,USD,331,4,72.72,1
Clothing,USD,9285,5,77.62,0
Clothing,USD,331,4,83.35,1
Clothing,USD,331,3,83.66,0
Clothing,GBP,245,4,84.96,1
Clothing,USD,331,3,85.01,1
Clothing,USD,331,3,91.16,1
Clothing,SGD,2203,2,96,1
Clothing,USD,3165,4,97.31,1
Clothing,USD,331,4,108.26,0
Clothing,USD,1193,3,120.53,1
Clothing,USD,331,4,128.06,1
Clothing,USD,1193,3,151.54,1
Clothing,USD,1193,3,152.65,1
Clothing,USD,1339,5,176.02,1
Clothing,USD,1339,4,323.59,0
Collectibles-Hobbies,SGD,4443,3,10.99,0
Collectibles-Hobbies,SGD,5393,4,10.99,0
Collectibles-Hobbies,SGD,5393,4,10.99,0
Collectibles-Hobbies,SGD,5393,4,10.99,0
Collectibles-Hobbies,SGD,5393,4,10.99,0
Collectibles-Hobbies,SGD,5393,4,10.99,0
Collectibles-Hobbies,SGD,1489,2,11,1
Collectibles-Hobbies,USD,1371,5,11.23,0
Collectibles-Hobbies,USD,3709,5,11.23,0
Collectibles-Hobbies,USD,3709,5,11.23,0
Collectibles-Hobbies,USD,3709,5,11.23,0
Collectibles-Hobbies,USD,4329,5,11.23,0
Collectibles-Hobbies,USD,11405,5,11.23,1
Collectibles-Hobbies,SGD,5393,4,11.25,1
Collectibles-Hobbies,GBP,6763,4,11.77,0
Collectibles-Hobbies,GBP,6763,4,11.77,1
Collectibles-Hobbies,SGD,5393,4,12,0
Collectibles-Hobbies,SGD,5393,4,12,0
Collectibles-Hobbies,SGD,5393,4,12,0
Collectibles-Hobbies,SGD,5393,4,12,0
Collectibles-Hobbies,SGD,5395,4,12,0
Collectibles-Hobbies,USD,2069,5,12.08,1
Collectibles-Hobbies,GBP,6763,4,12.23,0
Collectibles-Hobbies,SGD,5395,4,12.34,1
Collectibles-Hobbies,USD,1159,5,12.45,0
Collectibles-Hobbies,USD,1159,5,12.45,0
Collectibles-Hobbies,USD,1159,5,12.45,0
Collectibles-Hobbies,USD,1159,5,12.45,0
Collectibles-Hobbies,USD,1159,5,12.45,0
Collectibles-Hobbies,USD,1159,5,12.45,0
Collectibles-Hobbies,USD,1771,5,12.45,1
Collectibles-Hobbies,USD,1771,5,12.45,1
Collectibles-Hobbies,USD,3093,5,12.45,0
Collectibles-Hobbies,USD,3093,5,12.45,0
Collectibles-Hobbies,USD,3093,5,12.45,0
Collectibles-Hobbies,SGD,1023,2,12.5,0
Collectibles-Hobbies,GBP,6763,4,12.68,0
Collectibles-Hobbies,SGD,5393,4,12.75,1
Collectibles-Hobbies,SGD,11131,4,12.79,0
Collectibles-Hobbies,SGD,11131,4,12.99,0
Collectibles-Hobbies,SGD,11131,4,12.99,0
Collectibles-Hobbies,SGD,6773,4,12.99,0
Collectibles-Hobbies,SGD,18009,4,12.99,0
Collectibles-Hobbies,SGD,50869,4,12.99,0
Collectibles-Hobbies,SGD,5395,4,13,0
Collectibles-Hobbies,USD,3093,5,13.06,1
Collectibles-Hobbies,USD,3093,5,13.07,1
Collectibles-Hobbies,SGD,5393,4,13.25,1
Collectibles-Hobbies,GBP,6763,4,13.55,0
Collectibles-Hobbies,GBP,6763,4,13.55,0
Collectibles-Hobbies,USD,445,4,13.69,1
Collectibles-Hobbies,USD,3093,5,13.69,1
Collectibles-Hobbies,USD,3093,5,13.69,1
Collectibles-Hobbies,USD,3093,5,13.73,1
Collectibles-Hobbies,USD,603,5,13.87,1
Collectibles-Hobbies,SGD,7229,4,13.99,0
Collectibles-Hobbies,SGD,18009,4,13.99,0
Collectibles-Hobbies,SGD,11131,4,14,1
Collectibles-Hobbies,USD,869,3,14.06,1
Collectibles-Hobbies,USD,343,4,14.3,1
Collectibles-Hobbies,SGD,8797,4,14.5,0
Collectibles-Hobbies,SGD,2775,2,14.75,1
Collectibles-Hobbies,GBP,6763,4,14.82,1
Collectibles-Hobbies,USD,1159,5,14.93,1
Collectibles-Hobbies,SGD,2753,4,14.99,0
Collectibles-Hobbies,SGD,8797,4,14.99,0
Collectibles-Hobbies,SGD,8797,4,14.99,0
Collectibles-Hobbies,SGD,5395,4,15,0
Collectibles-Hobbies,GBP,6763,4,15.34,0
Collectibles-Hobbies,GBP,6763,4,15.34,0
Collectibles-Hobbies,GBP,6763,4,15.34,0
Collectibles-Hobbies,SGD,8799,3,15.5,0
Collectibles-Hobbies,SGD,6773,4,15.5,1
Collectibles-Hobbies,SGD,6773,4,15.5,1
Collectibles-Hobbies,SGD,677,4,15.5,1
Collectibles-Hobbies,USD,3093,5,15.53,1
Collectibles-Hobbies,SGD,50869,2,15.75,0
Collectibles-Hobbies,SGD,155,2,15.99,0
Collectibles-Hobbies,SGD,8799,3,15.99,0
Collectibles-Hobbies,SGD,1689,5,16.05,1
Collectibles-Hobbies,USD,2037,5,16.14,0
Collectibles-Hobbies,USD,1069,2,16.15,0
Collectibles-Hobbies,USD,3709,4,16.15,0
Collectibles-Hobbies,USD,3709,4,16.15,0
Collectibles-Hobbies,USD,3093,5,16.15,1
Collectibles-Hobbies,USD,3093,5,16.15,1
Collectibles-Hobbies,USD,3093,5,16.15,1
Collectibles-Hobbies,SGD,6773,4,16.5,1
Collectibles-Hobbies,GBP,3911,4,16.62,1
Collectibles-Hobbies,USD,1069,4,16.76,1
Collectibles-Hobbies,USD,887,5,16.76,1
Collectibles-Hobbies,SGD,4361,3,16.99,0
Collectibles-Hobbies,SGD,4361,3,16.99,0
Collectibles-Hobbies,SGD,4361,3,16.99,0
Collectibles-Hobbies,SGD,4361,3,16.99,0
Collectibles-Hobbies,SGD,4361,3,16.99,1
Collectibles-Hobbies,SGD,7229,4,16.99,0
Collectibles-Hobbies,SGD,50869,4,16.99,0
Collectibles-Hobbies,SGD,6557,2,17,0
Collectibles-Hobbies,USD,3093,5,17.13,1
Collectibles-Hobbies,GBP,39,4,17.14,0
Collectibles-Hobbies,USD,2611,5,17.38,0
Collectibles-Hobbies,USD,2611,5,17.38,0
Collectibles-Hobbies,USD,3093,5,17.43,1
Collectibles-Hobbies,SGD,4095,3,17.5,0
Collectibles-Hobbies,SGD,4095,3,17.5,0
Collectibles-Hobbies,SGD,4095,3,17.5,0
Collectibles-Hobbies,SGD,4095,3,17.5,0
Collectibles-Hobbies,SGD,4095,3,17.5,0
Collectibles-Hobbies,SGD,4095,3,17.5,0
Collectibles-Hobbies,SGD,4095,3,17.5,0
Collectibles-Hobbies,SGD,4095,3,17.5,0
Collectibles-Hobbies,USD,1843,2,17.59,1
Collectibles-Hobbies,SGD,4095,3,18,1
Collectibles-Hobbies,USD,3093,5,18.28,1
Collectibles-Hobbies,SGD,50869,2,18.5,0
Collectibles-Hobbies,USD,3093,5,18.72,1
Collectibles-Hobbies,SGD,4361,3,19,1
Collectibles-Hobbies,SGD,4095,3,19.01,1
Collectibles-Hobbies,USD,343,4,19.22,1
Collectibles-Hobbies,USD,3093,5,19.22,1
Collectibles-Hobbies,USD,3093,5,19.22,1
Collectibles-Hobbies,SGD,2111,3,19.38,1
Collectibles-Hobbies,SGD,6773,4,19.42,0
Collectibles-Hobbies,USD,1159,5,19.42,1
Collectibles-Hobbies,USD,1159,5,19.47,1
Collectibles-Hobbies,SGD,4095,3,19.5,1
Collectibles-Hobbies,SGD,11409,5,19.57,1
Collectibles-Hobbies,GBP,39,4,19.82,1
Collectibles-Hobbies,GBP,179,4,19.83,1
Collectibles-Hobbies,USD,3093,5,19.84,1
Collectibles-Hobbies,SGD,11131,4,19.95,0
Collectibles-Hobbies,SGD,50869,4,19.95,0
Collectibles-Hobbies,SGD,1255,2,19.99,0
Collectibles-Hobbies,SGD,2533,3,19.99,0
Collectibles-Hobbies,SGD,1973,4,19.99,0
Collectibles-Hobbies,SGD,2515,4,19.99,0
Collectibles-Hobbies,SGD,6773,4,19.99,0
Collectibles-Hobbies,SGD,6773,4,19.99,0
Collectibles-Hobbies,SGD,7229,4,19.99,0
Collectibles-Hobbies,SGD,4641,4,20.01,1
Collectibles-Hobbies,USD,343,4,20.45,1
Collectibles-Hobbies,SGD,1973,4,20.5,1
Collectibles-Hobbies,SGD,1085,4,20.75,1
Collectibles-Hobbies,SGD,10517,2,20.99,0
Collectibles-Hobbies,SGD,10517,2,20.99,0
Collectibles-Hobbies,SGD,10517,2,20.99,0
Collectibles-Hobbies,SGD,5395,4,21.12,1
Collectibles-Hobbies,SGD,165,4,21.5,1
Collectibles-Hobbies,SGD,50869,4,21.5,0
Collectibles-Hobbies,USD,3093,5,21.68,1
Collectibles-Hobbies,USD,3093,5,21.68,1
Collectibles-Hobbies,SGD,6773,4,21.95,0
Collectibles-Hobbies,SGD,6773,4,21.99,0
Collectibles-Hobbies,SGD,6773,4,21.99,0
Collectibles-Hobbies,SGD,6773,4,21.99,0
Collectibles-Hobbies,SGD,6773,4,21.99,0
Collectibles-Hobbies,SGD,6773,4,21.99,0
Collectibles-Hobbies,SGD,11131,4,22.25,0
Collectibles-Hobbies,USD,9363,4,22.29,0
Collectibles-Hobbies,USD,457,4,22.3,1
Collectibles-Hobbies,USD,3093,5,22.91,1
Collectibles-Hobbies,USD,3093,5,22.91,1
Collectibles-Hobbies,SGD,10517,2,22.99,0
Collectibles-Hobbies,SGD,6773,4,23,1
Collectibles-Hobbies,SGD,6773,4,23.05,1
Collectibles-Hobbies,SGD,2111,3,23.51,1
Collectibles-Hobbies,USD,1077,5,23.72,1
Collectibles-Hobbies,SGD,4443,3,24.5,1
Collectibles-Hobbies,SGD,50869,4,24.95,0
Collectibles-Hobbies,SGD,50869,4,24.95,0
Collectibles-Hobbies,SGD,50869,4,24.95,0
Collectibles-Hobbies,SGD,50869,4,24.95,0
Collectibles-Hobbies,SGD,10517,2,24.99,0
Collectibles-Hobbies,SGD,10517,2,24.99,0
Collectibles-Hobbies,SGD,10517,2,24.99,0
Collectibles-Hobbies,SGD,10517,2,25.5,1
Collectibles-Hobbies,SGD,1085,4,25.5,1
Collectibles-Hobbies,SGD,6773,4,25.55,1
Collectibles-Hobbies,USD,9363,4,25.97,0
Collectibles-Hobbies,SGD,1085,4,26.5,1
Collectibles-Hobbies,SGD,6773,4,26.56,1
Collectibles-Hobbies,USD,343,4,26.6,1
Collectibles-Hobbies,SGD,10517,2,26.99,0
Collectibles-Hobbies,SGD,10517,2,26.99,0
Collectibles-Hobbies,SGD,1155,4,27.5,1
Collectibles-Hobbies,GBP,6763,4,27.83,0
Collectibles-Hobbies,SGD,7229,4,29.49,1
Collectibles-Hobbies,SGD,1331,2,30,0
Collectibles-Hobbies,SGD,721,4,30.39,1
Collectibles-Hobbies,USD,4339,4,30.44,1
Collectibles-Hobbies,SGD,5,3,30.7,1
Collectibles-Hobbies,SGD,335,3,31.33,1
Collectibles-Hobbies,SGD,1973,4,31.61,1
Collectibles-Hobbies,SGD,5,3,32,1
Collectibles-Hobbies,SGD,4181,2,32.5,1
Collectibles-Hobbies,USD,3093,5,33.48,1
Collectibles-Hobbies,SGD,5,3,33.65,1
Collectibles-Hobbies,SGD,3561,1,34.99,0
Collectibles-Hobbies,SGD,5891,4,34.99,1
Collectibles-Hobbies,SGD,13175,2,35.49,1
Collectibles-Hobbies,USD,1069,4,35.82,1
Collectibles-Hobbies,SGD,5,3,36,1
Collectibles-Hobbies,SGD,1973,4,36,1
Collectibles-Hobbies,SGD,3083,4,36,1
Collectibles-Hobbies,USD,2361,5,36.92,1
Collectibles-Hobbies,SGD,11131,4,37,0
Collectibles-Hobbies,USD,887,4,37.4,1
Collectibles-Hobbies,SGD,1979,4,37.78,1
Collectibles-Hobbies,SGD,10517,2,37.95,0
Collectibles-Hobbies,SGD,11131,4,39.99,0
Collectibles-Hobbies,SGD,2515,4,39.99,0
Collectibles-Hobbies,SGD,10517,2,41,1
Collectibles-Hobbies,SGD,223,1,41.01,1
Collectibles-Hobbies,GBP,39,4,41.98,1
Collectibles-Hobbies,SGD,1411,4,42.03,1
Collectibles-Hobbies,SGD,4443,2,43.14,1
Collectibles-Hobbies,SGD,1973,4,43.25,1
Collectibles-Hobbies,SGD,1973,4,43.5,1
Collectibles-Hobbies,SGD,4443,2,44.06,1
Collectibles-Hobbies,SGD,2111,3,44.19,1
Collectibles-Hobbies,SGD,50869,3,44.95,0
Collectibles-Hobbies,SGD,11131,3,46,0
Collectibles-Hobbies,SGD,777,4,46,1
Collectibles-Hobbies,SGD,4443,2,46.55,1
Collectibles-Hobbies,SGD,11131,3,47,0
Collectibles-Hobbies,USD,3093,5,47.5,1
Collectibles-Hobbies,GBP,179,4,47.51,1
Collectibles-Hobbies,USD,2361,5,47.61,1
Collectibles-Hobbies,SGD,6773,4,48.5,1
Collectibles-Hobbies,USD,1421,5,48.76,1
Collectibles-Hobbies,SGD,4443,2,50.56,1
Collectibles-Hobbies,SGD,5,3,53,1
Collectibles-Hobbies,SGD,5,3,56.02,1
Collectibles-Hobbies,SGD,4443,2,58,1
Collectibles-Hobbies,USD,2361,4,59.79,1
Collectibles-Hobbies,SGD,11131,3,62,0
Collectibles-Hobbies,SGD,5,3,62.02,1
Collectibles-Hobbies,GBP,2297,4,63.52,0
Collectibles-Hobbies,USD,189,5,64.18,1
Collectibles-Hobbies,SGD,13577,4,66,1
Collectibles-Hobbies,USD,1257,5,66.57,1
Collectibles-Hobbies,GBP,1017,4,67.11,1
Collectibles-Hobbies,SGD,11131,4,69,0
Collectibles-Hobbies,SGD,2111,3,71,1
Collectibles-Hobbies,SGD,5,3,71.05,1
Collectibles-Hobbies,SGD,5523,5,72.99,1
Collectibles-Hobbies,SGD,721,4,76,1
Collectibles-Hobbies,SGD,11131,3,83,0
Collectibles-Hobbies,SGD,2273,5,83.52,1
Collectibles-Hobbies,SGD,777,4,84.75,1
Collectibles-Hobbies,SGD,1973,4,85,1
Collectibles-Hobbies,SGD,13,3,87,1
Collectibles-Hobbies,SGD,6653,2,96.04,1
Collectibles-Hobbies,SGD,1917,2,97.67,1
Collectibles-Hobbies,SGD,43,3,113.55,1
Collectibles-Hobbies,SGD,5,3,122.52,1
Collectibles-Hobbies,SGD,4443,2,125.27,1
Collectibles-Hobbies,SGD,675,4,132.5,1
Collectibles-Hobbies,USD,41,5,134.2,1
Collectibles-Hobbies,SGD,11131,3,145,0
Collectibles-Hobbies,SGD,1395,4,173,1
Collectibles-Hobbies,SGD,4443,2,179.87,1
Collectibles-Hobbies,SGD,11131,2,185,0
Collectibles-Hobbies,SGD,5,3,198.33,1
Collectibles-Hobbies,SGD,11131,3,202,0
Collectibles-Hobbies,SGD,1989,4,209.99,0
Collectibles-Hobbies,SGD,1727,3,229,0
Collectibles-Hobbies,SGD,735,4,242.5,1
Collectibles-Hobbies,SGD,1973,4,295,1
Collectibles-Hobbies,USD,887,5,391.53,1
Collectibles-Hobbies,SGD,653,5,399,1
Collectibles-Hobbies,SGD,13893,4,402.51,1
Collectibles-Hobbies,SGD,107,4,501,1
Collectibles-Hobbies,SGD,1183,5,807,1
Collectibles-Hobbies,SGD,241,5,870,1
Computer-Electronics,SGD,825,2,10.99,1
Computer-Electronics,SGD,9583,4,10.99,0
Computer-Electronics,USD,21,3,11.23,0
Computer-Electronics,USD,61,4,11.23,0
Computer-Electronics,USD,3103,4,11.23,0
Computer-Electronics,USD,333,5,11.23,0
Computer-Electronics,USD,6753,5,11.23,0
Computer-Electronics,USD,6753,5,11.23,0
Computer-Electronics,USD,3103,4,11.84,1
Computer-Electronics,USD,3103,4,11.84,1
Computer-Electronics,USD,3103,4,11.84,1
Computer-Electronics,USD,3103,4,11.84,1
Computer-Electronics,USD,3103,4,11.84,1
Computer-Electronics,USD,213,2,12.45,0
Computer-Electronics,USD,213,4,12.45,0
Computer-Electronics,USD,4767,5,12.45,0
Computer-Electronics,USD,11405,5,12.45,0
Computer-Electronics,USD,11405,5,12.45,0
Computer-Electronics,USD,3103,4,12.46,1
Computer-Electronics,USD,3103,4,12.46,1
Computer-Electronics,USD,3103,4,12.46,1
Computer-Electronics,SGD,735,3,12.5,0
Computer-Electronics,USD,11405,5,13.69,1
Computer-Electronics,USD,1729,5,13.7,1
Computer-Electronics,USD,11405,5,14.43,1
Computer-Electronics,USD,11405,5,16.76,1
Computer-Electronics,SGD,4267,3,17.99,0
Computer-Electronics,SGD,825,3,18.5,1
Computer-Electronics,SGD,813,3,18.95,1
Computer-Electronics,USD,229,4,19.84,1
Computer-Electronics,SGD,2813,3,19.99,0
Computer-Electronics,SGD,18009,4,19.99,0
Computer-Electronics,SGD,5425,3,21.5,1
Computer-Electronics,USD,133,4,22.29,0
Computer-Electronics,SGD,813,3,22.5,1
Computer-Electronics,SGD,911,3,25.5,1
Computer-Electronics,SGD,39,4,25.51,1
Computer-Electronics,SGD,8059,3,29.95,0
Computer-Electronics,USD,401,4,29.98,1
Computer-Electronics,GBP,45,4,32.33,1
Computer-Electronics,SGD,1147,4,32.95,0
Computer-Electronics,SGD,1147,4,32.95,0
Computer-Electronics,SGD,19497,3,35,0
Computer-Electronics,USD,673,1,35.21,1
Computer-Electronics,USD,11405,5,35.62,1
Computer-Electronics,SGD,911,2,36,1
Computer-Electronics,SGD,227,4,38,1
Computer-Electronics,SGD,1685,3,40,1
Computer-Electronics,USD,5,3,45.05,1
Computer-Electronics,USD,223,3,47.5,1
Computer-Electronics,SGD,871,4,51.5,1
Computer-Electronics,SGD,4719,3,52.77,1
Computer-Electronics,USD,277,5,61.17,1
Computer-Electronics,SGD,299,4,62.23,1
Computer-Electronics,USD,635,5,69.03,0
Computer-Electronics,SGD,11,3,72,1
Computer-Electronics,USD,145,5,79.04,1
Computer-Electronics,SGD,19,3,79.99,1
Computer-Electronics,SGD,4719,3,89.99,0
Computer-Electronics,SGD,81,2,90,1
Computer-Electronics,USD,11,5,91.16,1
Computer-Electronics,SGD,5915,2,91.55,1
Computer-Electronics,SGD,4719,3,96,1
Computer-Electronics,USD,771,4,121.91,1
Computer-Electronics,SGD,4719,3,124.5,1
Computer-Electronics,SGD,643,2,127.5,1
Computer-Electronics,SGD,299,4,130.5,1
Computer-Electronics,SGD,643,2,130.99,1
Computer-Electronics,SGD,643,2,134.5,1
Computer-Electronics,USD,57,5,136.66,1
Computer-Electronics,SGD,643,2,172.5,1
Computer-Electronics,SGD,4719,3,177.5,1
Computer-Electronics,USD,1691,5,195.69,1
Computer-Electronics,USD,103,3,196.38,1
Computer-Electronics,SGD,315,4,197.5,1
Computer-Electronics,USD,23,5,207.99,1
Computer-Electronics,SGD,4719,3,212.5,1
Computer-Electronics,USD,1653,3,215.37,1
Computer-Electronics,SGD,4719,3,232.5,1
Computer-Electronics,USD,17,2,232.58,1
Computer-Electronics,SGD,137,4,237.5,1
Computer-Electronics,SGD,7795,1,240,1
Computer-Electronics,USD,141,4,255.95,1
Computer-Electronics,USD,29,5,260.87,1
Computer-Electronics,SGD,51,2,275,1
Computer-Electronics,USD,63,2,280.55,1
Computer-Electronics,USD,29,4,288.29,1
Computer-Electronics,SGD,51,2,316.23,1
Computer-Electronics,USD,257,3,505.58,1
Computer-Electronics,USD,615,4,511.32,1
Computer-Electronics,USD,257,3,656.85,1
Home-Living,GBP,5985,4,10.98,1
Home-Living,USD,111,5,11.23,0
Home-Living,USD,203,5,11.23,0
Home-Living,USD,11405,5,11.23,0
Home-Living,USD,11405,5,11.23,0
Home-Living,GBP,109,4,12.14,1
Home-Living,SGD,1685,3,12.2,1
Home-Living,USD,10703,4,12.45,0
Home-Living,USD,10703,4,12.45,0
Home-Living,GBP,109,4,12.57,1
Home-Living,GBP,5985,4,12.57,1
Home-Living,GBP,109,4,12.86,1
Home-Living,GBP,109,4,13.02,1
Home-Living,GBP,109,4,13.03,1
Home-Living,USD,10703,3,13.07,1
Home-Living,USD,2807,4,13.07,0
Home-Living,GBP,109,4,13.12,1
Home-Living,GBP,109,4,13.39,1
Home-Living,GBP,755,4,13.57,0
Home-Living,GBP,109,4,13.75,1
Home-Living,GBP,109,4,13.94,1
Home-Living,SGD,7229,4,13.99,0
Home-Living,SGD,7229,4,13.99,0
Home-Living,SGD,18009,4,13.99,0
Home-Living,GBP,109,4,14.28,1
Home-Living,GBP,109,4,14.28,1
Home-Living,GBP,109,4,14.64,1
Home-Living,SGD,655,3,15,0
Home-Living,GBP,109,4,15.35,1
Home-Living,USD,111,3,15.53,1
Home-Living,GBP,109,4,15.71,1
Home-Living,GBP,109,4,15.71,1
Home-Living,USD,8735,4,16.76,1
Home-Living,GBP,109,4,17.5,1
Home-Living,GBP,109,4,17.51,1
Home-Living,SGD,7229,4,17.99,0
Home-Living,SGD,7229,4,17.99,0
Home-Living,SGD,7229,4,18.01,1
Home-Living,SGD,7229,4,18.99,0
Home-Living,GBP,1343,4,19.83,1
Home-Living,SGD,4341,2,19.99,0
Home-Living,SGD,4341,2,19.99,0
Home-Living,SGD,2257,3,19.99,0
Home-Living,USD,2813,5,20.08,1
Home-Living,SGD,2813,3,20.5,1
Home-Living,USD,11405,5,21.07,0
Home-Living,USD,11405,5,21.07,0
Home-Living,USD,11405,5,21.07,0
Home-Living,USD,11405,5,21.07,0
Home-Living,SGD,783,3,21.5,1
Home-Living,GBP,61,4,21.6,1
Home-Living,SGD,4339,2,21.99,0
Home-Living,USD,1481,2,22.9,1
Home-Living,USD,317,4,22.91,1
Home-Living,USD,535,3,24.28,1
Home-Living,SGD,7229,4,24.99,0
Home-Living,USD,1481,2,25.1,1
Home-Living,USD,11405,5,25.37,1
Home-Living,SGD,7229,4,26.01,1
Home-Living,USD,317,4,26.81,1
Home-Living,GBP,109,4,27.4,1
Home-Living,USD,403,4,27.83,0
Home-Living,USD,2813,5,27.83,1
Home-Living,USD,39,5,28.45,0
Home-Living,USD,145,4,28.58,1
Home-Living,USD,2813,5,32.14,1
Home-Living,USD,317,4,32.15,1
Home-Living,USD,1463,3,33.37,0
Home-Living,SGD,2611,4,33.5,0
Home-Living,USD,1463,3,34.6,0
Home-Living,SGD,563,2,34.77,0
Home-Living,SGD,8799,2,34.99,0
Home-Living,USD,203,5,35.21,1
Home-Living,USD,203,5,35.21,1
Home-Living,USD,2813,5,37.52,1
Home-Living,SGD,4339,2,38,1
Home-Living,USD,2813,5,38.48,1
Home-Living,SGD,1685,2,39.99,0
Home-Living,USD,2661,5,40.62,0
Home-Living,USD,1463,2,41.01,1
Home-Living,SGD,7229,4,41.59,1
Home-Living,USD,3273,5,43.67,1
Home-Living,USD,3273,5,44.68,1
Home-Living,USD,3273,5,44.68,1
Home-Living,USD,3273,5,47.51,1
Home-Living,USD,2813,5,50.91,1
Home-Living,SGD,1359,5,51,1
Home-Living,USD,11405,5,51.2,1
Home-Living,USD,11405,3,54.27,0
Home-Living,USD,11405,5,54.27,0
Home-Living,USD,11405,5,58.59,1
Home-Living,USD,2813,5,59.79,1
Home-Living,SGD,1107,2,60,1
Home-Living,SGD,1869,1,61,1
Home-Living,USD,239,4,67.18,1
Home-Living,USD,185,5,69.52,1
Home-Living,SGD,3243,5,70,1
Home-Living,USD,115,4,85.01,1
Home-Living,USD,3273,5,97.31,1
Home-Living,SGD,1069,4,122.5,1
Home-Living,SGD,2327,3,187.5,1
Home-Living,SGD,711,3,625,1
Jewellery-Accessories,SGD,2637,4,11,1
Jewellery-Accessories,USD,147,1,12.45,0
Jewellery-Accessories,USD,147,1,12.45,0
Jewellery-Accessories,SGD,2251,2,12.5,1
Jewellery-Accessories,SGD,1489,2,13.25,1
Jewellery-Accessories,SGD,18009,4,13.89,0
Jewellery-Accessories,SGD,50869,4,13.99,0
Jewellery-Accessories,SGD,50869,4,13.99,0
Jewellery-Accessories,SGD,50869,4,13.99,0
Jewellery-Accessories,SGD,50869,4,13.99,0
Jewellery-Accessories,SGD,50869,4,14.25,1
Jewellery-Accessories,SGD,50869,4,14.95,0
Jewellery-Accessories,SGD,50869,4,14.95,0
Jewellery-Accessories,SGD,1893,4,14.99,0
Jewellery-Accessories,GBP,4381,4,15.35,0
Jewellery-Accessories,SGD,50869,1,15.95,0
Jewellery-Accessories,SGD,50869,3,15.99,0
Jewellery-Accessories,USD,11405,5,16.76,1
Jewellery-Accessories,USD,181,5,18.01,1
Jewellery-Accessories,USD,2281,3,18.55,0
Jewellery-Accessories,USD,4339,4,18.61,0
Jewellery-Accessories,SGD,50869,4,18.99,0
Jewellery-Accessories,SGD,1489,2,19.72,1
Jewellery-Accessories,GBP,2363,4,19.82,1
Jewellery-Accessories,SGD,50869,4,19.95,0
Jewellery-Accessories,SGD,18009,4,19.99,0
Jewellery-Accessories,USD,2281,3,21.01,1
Jewellery-Accessories,USD,4339,4,21.07,0
Jewellery-Accessories,USD,11405,5,21.07,0
Jewellery-Accessories,SGD,18009,4,21.51,1
Jewellery-Accessories,GBP,2363,4,21.6,1
Jewellery-Accessories,USD,4339,4,21.67,1
Jewellery-Accessories,USD,11541,5,21.68,1
Jewellery-Accessories,USD,1887,3,22.29,0
Jewellery-Accessories,SGD,2647,4,22.83,1
Jewellery-Accessories,USD,2281,2,22.85,1
Jewellery-Accessories,SGD,1969,3,22.99,0
Jewellery-Accessories,USD,4339,4,23.47,0
Jewellery-Accessories,USD,4339,4,24.14,1
Jewellery-Accessories,GBP,2363,4,24.28,1
Jewellery-Accessories,SGD,50869,4,24.95,0
Jewellery-Accessories,SGD,50869,4,24.95,0
Jewellery-Accessories,SGD,50869,4,24.95,0
Jewellery-Accessories,SGD,50869,4,24.95,0
Jewellery-Accessories,SGD,50869,4,24.95,0
Jewellery-Accessories,SGD,50869,4,24.95,0
Jewellery-Accessories,SGD,50869,4,24.95,0
Jewellery-Accessories,SGD,50869,4,24.95,0
Jewellery-Accessories,SGD,1583,3,24.99,0
Jewellery-Accessories,SGD,50869,4,25.45,1
Jewellery-Accessories,USD,1277,5,25.86,0
Jewellery-Accessories,USD,4339,4,25.93,0
Jewellery-Accessories,SGD,4095,4,27.95,0
Jewellery-Accessories,SGD,4095,4,27.95,0
Jewellery-Accessories,SGD,4095,4,27.95,0
Jewellery-Accessories,SGD,4095,4,27.95,0
Jewellery-Accessories,USD,11405,5,29.68,1
Jewellery-Accessories,SGD,23155,2,29.95,0
Jewellery-Accessories,SGD,4095,3,29.95,0
Jewellery-Accessories,SGD,4095,3,29.95,0
Jewellery-Accessories,SGD,4095,4,29.95,0
Jewellery-Accessories,SGD,4095,4,29.95,0
Jewellery-Accessories,SGD,4095,4,29.95,0
Jewellery-Accessories,SGD,1583,3,29.99,0
Jewellery-Accessories,GBP,1189,4,31.42,0
Jewellery-Accessories,USD,4339,4,31.52,1
Jewellery-Accessories,SGD,50869,4,33.5,0
Jewellery-Accessories,USD,4339,4,33.84,1
Jewellery-Accessories,USD,4339,4,33.92,1
Jewellery-Accessories,USD,4339,2,34.53,0
Jewellery-Accessories,USD,4339,3,34.53,0
Jewellery-Accessories,USD,4339,4,34.6,1
Jewellery-Accessories,SGD,23155,3,34.95,0
Jewellery-Accessories,SGD,4095,3,35,1
Jewellery-Accessories,SGD,9115,3,36,1
Jewellery-Accessories,USD,4339,4,37.05,1
Jewellery-Accessories,USD,4339,4,39.45,0
Jewellery-Accessories,USD,4339,4,39.45,0
Jewellery-Accessories,SGD,1583,3,41,1
Jewellery-Accessories,USD,4339,4,41.36,1
Jewellery-Accessories,USD,4339,4,51.2,1
Jewellery-Accessories,SGD,453,4,760,1
Media-Entertainment,SGD,6501,3,10.01,0
Media-Entertainment,SGD,6501,3,10.01,0
Media-Entertainment,SGD,6501,3,10.01,0
Media-Entertainment,SGD,6501,3,10.01,0
Media-Entertainment,SGD,6501,3,10.01,0
Media-Entertainment,SGD,6501,3,10.01,0
Media-Entertainment,SGD,6501,3,10.01,0
Media-Entertainment,SGD,6501,3,10.01,0
Media-Entertainment,SGD,6501,3,10.01,0
Media-Entertainment,SGD,75457,4,10.01,0
Media-Entertainment,SGD,6501,3,10.06,1
Media-Entertainment,SGD,6501,3,10.1,1
Media-Entertainment,SGD,6501,3,10.11,1
Media-Entertainment,SGD,6501,3,10.17,1
Media-Entertainment,SGD,6501,3,10.17,1
Media-Entertainment,SGD,6501,3,10.21,1
Media-Entertainment,SGD,6501,3,10.55,1
Media-Entertainment,SGD,6501,3,10.55,1
Media-Entertainment,SGD,1685,3,10.99,0
Media-Entertainment,SGD,1685,3,10.99,0
Media-Entertainment,SGD,1685,3,10.99,0
Media-Entertainment,SGD,1685,3,10.99,0
Media-Entertainment,SGD,1685,3,10.99,1
Media-Entertainment,SGD,6501,3,11.05,1
Media-Entertainment,GBP,2061,4,11.07,0
Media-Entertainment,GBP,2061,4,11.07,0
Media-Entertainment,USD,2605,3,11.23,0
Media-Entertainment,USD,211,4,11.23,0
Media-Entertainment,USD,1719,4,11.23,0
Media-Entertainment,USD,3033,4,11.23,0
Media-Entertainment,USD,4327,4,11.23,0
Media-Entertainment,USD,4327,4,11.23,1
Media-Entertainment,USD,2153,5,11.23,0
Media-Entertainment,USD,3293,5,11.23,0
Media-Entertainment,USD,3293,5,11.23,0
Media-Entertainment,USD,4811,5,11.23,0
Media-Entertainment,USD,5279,5,11.23,0
Media-Entertainment,USD,5279,5,11.23,0
Media-Entertainment,USD,5279,5,11.23,0
Media-Entertainment,USD,5279,5,11.23,0
Media-Entertainment,USD,6117,5,11.23,0
Media-Entertainment,USD,11405,5,11.23,0
Media-Entertainment,USD,11405,5,11.23,0
Media-Entertainment,USD,11405,5,11.23,0
Media-Entertainment,USD,11405,5,11.23,0
Media-Entertainment,USD,11405,5,11.23,0
Media-Entertainment,USD,11405,5,11.23,1
Media-Entertainment,SGD,6501,3,11.25,1
Media-Entertainment,SGD,6501,3,11.25,1
Media-Entertainment,SGD,6501,3,11.25,1
Media-Entertainment,SGD,6501,3,11.25,1
Media-Entertainment,GBP,2061,4,11.25,0
Media-Entertainment,GBP,2061,4,11.25,0
Media-Entertainment,GBP,2061,4,11.25,0
Media-Entertainment,GBP,2061,4,11.25,1
Media-Entertainment,SGD,6501,3,11.29,1
Media-Entertainment,SGD,6501,3,11.3,1
Media-Entertainment,SGD,6501,3,11.32,1
Media-Entertainment,SGD,6501,3,11.32,1
Media-Entertainment,SGD,6501,3,11.37,1
Media-Entertainment,SGD,6501,3,11.5,1
Media-Entertainment,SGD,6501,3,11.58,1
Media-Entertainment,GBP,2061,4,11.7,1
Media-Entertainment,SGD,6501,3,11.75,1
Media-Entertainment,GBP,301,4,11.77,0
Media-Entertainment,GBP,433,4,11.77,0
Media-Entertainment,GBP,5985,4,11.77,0
Media-Entertainment,USD,211,4,11.83,0
Media-Entertainment,USD,11405,5,11.84,1
Media-Entertainment,GBP,143,4,11.86,1
Media-Entertainment,SGD,6557,2,12,1
Media-Entertainment,SGD,6501,3,12,1
Media-Entertainment,SGD,6501,3,12,1
Media-Entertainment,SGD,6501,3,12,1
Media-Entertainment,SGD,6501,3,12.05,1
Media-Entertainment,SGD,6501,3,12.13,1
Media-Entertainment,SGD,6501,3,12.25,1
Media-Entertainment,SGD,6501,3,12.25,1
Media-Entertainment,SGD,6501,3,12.3,1
Media-Entertainment,SGD,6501,3,12.33,1
Media-Entertainment,USD,1365,2,12.45,0
Media-Entertainment,USD,211,4,12.45,0
Media-Entertainment,USD,413,4,12.45,0
Media-Entertainment,USD,413,4,12.45,0
Media-Entertainment,USD,413,4,12.45,0
Media-Entertainment,USD,413,4,12.45,0
Media-Entertainment,USD,11405,5,12.45,0
Media-Entertainment,USD,11405,5,12.45,0
Media-Entertainment,USD,263,4,12.46,0
Media-Entertainment,USD,5279,5,12.46,1
Media-Entertainment,SGD,1685,3,12.78,1
Media-Entertainment,SGD,6557,2,12.8,1
Media-Entertainment,SGD,6501,3,12.8,1
Media-Entertainment,SGD,6501,3,13,1
Media-Entertainment,SGD,6501,3,13,1
Media-Entertainment,SGD,6501,3,13.01,1
Media-Entertainment,GBP,861,2,13.02,1
Media-Entertainment,GBP,2061,4,13.03,1
Media-Entertainment,GBP,433,4,13.03,1
Media-Entertainment,SGD,6501,3,13.06,1
Media-Entertainment,USD,2605,3,13.07,1
Media-Entertainment,USD,211,4,13.07,1
Media-Entertainment,USD,1533,4,13.07,1
Media-Entertainment,USD,413,4,13.07,1
Media-Entertainment,SGD,6501,3,13.08,1
Media-Entertainment,SGD,1685,3,13.2,1
Media-Entertainment,SGD,6501,3,13.25,1
Media-Entertainment,SGD,6501,3,13.25,1
Media-Entertainment,SGD,6501,3,13.25,1
Media-Entertainment,SGD,6501,3,13.25,1
Media-Entertainment,SGD,6501,3,13.26,1
Media-Entertainment,SGD,6501,3,13.27,1
Media-Entertainment,SGD,6501,3,13.3,1
Media-Entertainment,SGD,6501,3,13.31,1
Media-Entertainment,SGD,6501,3,13.36,1
Media-Entertainment,SGD,6501,3,13.5,1
Media-Entertainment,SGD,6501,3,13.55,1
Media-Entertainment,USD,11405,5,13.7,1
Media-Entertainment,SGD,6501,3,13.75,1
Media-Entertainment,SGD,6501,3,13.75,1
Media-Entertainment,USD,6117,5,13.75,1
Media-Entertainment,SGD,6501,3,13.76,1
Media-Entertainment,SGD,6501,3,13.8,1
Media-Entertainment,SGD,6501,3,13.8,1
Media-Entertainment,SGD,6501,3,13.84,1
Media-Entertainment,GBP,2299,2,13.93,1
Media-Entertainment,GBP,2299,2,13.93,1
Media-Entertainment,GBP,239,4,13.93,1
Media-Entertainment,SGD,18009,4,13.99,0
Media-Entertainment,SGD,18009,4,13.99,0
Media-Entertainment,SGD,18009,4,13.99,0
Media-Entertainment,SGD,1685,3,14,1
Media-Entertainment,SGD,6501,3,14.17,1
Media-Entertainment,SGD,6501,3,14.25,1
Media-Entertainment,SGD,6501,3,14.25,1
Media-Entertainment,SGD,6501,3,14.25,1
Media-Entertainment,SGD,6501,3,14.25,1
Media-Entertainment,SGD,1685,3,14.25,1
Media-Entertainment,SGD,1685,3,14.25,1
Media-Entertainment,SGD,75457,4,14.26,1
Media-Entertainment,SGD,6501,3,14.29,1
Media-Entertainment,USD,413,4,14.3,1
Media-Entertainment,USD,3709,4,14.3,1
Media-Entertainment,USD,3709,4,14.3,1
Media-Entertainment,SGD,6501,3,14.31,1
Media-Entertainment,USD,413,4,14.37,1
Media-Entertainment,SGD,6501,3,14.4,1
Media-Entertainment,GBP,213,4,14.44,0
Media-Entertainment,GBP,213,4,14.44,0
Media-Entertainment,SGD,6501,3,14.54,1
Media-Entertainment,SGD,6501,3,14.75,1
Media-Entertainment,GBP,213,4,14.8,1
Media-Entertainment,SGD,6501,3,14.9,1
Media-Entertainment,USD,2605,3,14.92,1
Media-Entertainment,SGD,103,2,14.99,0
Media-Entertainment,SGD,6457,4,14.99,0
Media-Entertainment,SGD,6457,4,14.99,0
Media-Entertainment,SGD,18009,4,14.99,0
Media-Entertainment,SGD,18009,4,14.99,0
Media-Entertainment,SGD,18009,4,14.99,0
Media-Entertainment,SGD,18009,4,14.99,0
Media-Entertainment,SGD,6501,3,15,1
Media-Entertainment,SGD,6501,3,15,1
Media-Entertainment,SGD,1349,4,15,0
Media-Entertainment,SGD,10407,4,15,0
Media-Entertainment,SGD,6501,3,15.01,1
Media-Entertainment,GBP,213,4,15.16,1
Media-Entertainment,SGD,18009,4,15.24,1
Media-Entertainment,GBP,397,4,15.35,0
Media-Entertainment,GBP,3687,5,15.35,0
Media-Entertainment,GBP,3687,5,15.35,0
Media-Entertainment,SGD,6501,3,15.5,1
Media-Entertainment,SGD,6501,3,15.5,1
Media-Entertainment,SGD,6501,3,15.5,1
Media-Entertainment,SGD,1685,3,15.5,1
Media-Entertainment,SGD,1685,3,15.5,1
Media-Entertainment,SGD,1685,3,15.5,1
Media-Entertainment,SGD,18009,4,15.51,1
Media-Entertainment,SGD,6501,3,15.52,1
Media-Entertainment,SGD,6501,3,15.52,1
Media-Entertainment,USD,705,5,15.53,1
Media-Entertainment,USD,3271,5,15.53,1
Media-Entertainment,USD,2605,4,15.6,1
Media-Entertainment,USD,2605,4,15.66,1
Media-Entertainment,GBP,213,4,15.71,1
Media-Entertainment,SGD,2433,3,15.99,0
Media-Entertainment,SGD,7913,3,15.99,0
Media-Entertainment,SGD,6457,4,15.99,0
Media-Entertainment,SGD,28961,4,15.99,0
Media-Entertainment,SGD,6501,3,16,1
Media-Entertainment,SGD,6501,3,16.01,1
Media-Entertainment,SGD,1685,3,16.01,1
Media-Entertainment,USD,705,5,16.14,0
Media-Entertainment,USD,3271,5,16.14,0
Media-Entertainment,USD,3271,5,16.14,0
Media-Entertainment,SGD,6501,3,16.15,1
Media-Entertainment,USD,3709,4,16.15,0
Media-Entertainment,USD,3709,5,16.15,0
Media-Entertainment,USD,1317,5,16.16,1
Media-Entertainment,SGD,6501,3,16.18,1
Media-Entertainment,SGD,881,2,16.47,0
Media-Entertainment,SGD,6501,3,16.5,1
Media-Entertainment,SGD,6501,3,16.5,1
Media-Entertainment,SGD,6501,3,16.5,1
Media-Entertainment,SGD,6501,3,16.5,1
Media-Entertainment,SGD,249,4,16.5,1
Media-Entertainment,SGD,1375,4,16.5,0
Media-Entertainment,SGD,1375,4,16.5,0
Media-Entertainment,SGD,1375,4,16.5,0
Media-Entertainment,SGD,1375,4,16.5,0
Media-Entertainment,SGD,1375,4,16.5,0
Media-Entertainment,SGD,1375,4,16.5,0
Media-Entertainment,SGD,1375,4,16.5,0
Media-Entertainment,SGD,1375,4,16.5,0
Media-Entertainment,SGD,1375,4,16.5,0
Media-Entertainment,SGD,1375,4,16.5,0
Media-Entertainment,SGD,1375,4,16.5,0
Media-Entertainment,SGD,1375,4,16.5,0
Media-Entertainment,SGD,1375,4,16.5,0
Media-Entertainment,SGD,1375,4,16.5,0
Media-Entertainment,SGD,1375,4,16.5,0
Media-Entertainment,SGD,1375,4,16.5,0
Media-Entertainment,SGD,1375,4,16.5,0
Media-Entertainment,SGD,1375,4,16.5,0
Media-Entertainment,SGD,1375,4,16.5,0
Media-Entertainment,SGD,1375,4,16.5,0
Media-Entertainment,SGD,1375,4,16.5,0
Media-Entertainment,SGD,1375,4,16.5,0
Media-Entertainment,SGD,1375,4,16.5,0
Media-Entertainment,SGD,1375,4,16.5,0
Media-Entertainment,SGD,1375,4,16.5,0
Media-Entertainment,SGD,1375,4,16.5,0
Media-Entertainment,SGD,1375,4,16.5,0
Media-Entertainment,SGD,6501,3,16.55,1
Media-Entertainment,GBP,5985,4,16.6,1
Media-Entertainment,GBP,589,5,16.62,1
Media-Entertainment,GBP,2299,2,16.66,1
Media-Entertainment,SGD,6501,3,16.71,1
Media-Entertainment,USD,13245,5,16.76,1
Media-Entertainment,SGD,103,2,16.99,0
Media-Entertainment,SGD,5989,4,16.99,0
Media-Entertainment,SGD,6457,4,16.99,0
Media-Entertainment,SGD,6501,3,17,1
Media-Entertainment,SGD,6501,3,17,1
Media-Entertainment,SGD,6501,3,17,1
Media-Entertainment,SGD,1375,4,17,1
Media-Entertainment,SGD,6501,3,17.05,1
Media-Entertainment,USD,3271,5,17.37,0
Media-Entertainment,USD,1317,5,17.38,0
Media-Entertainment,SGD,6501,3,17.5,1
Media-Entertainment,SGD,6501,3,17.5,1
Media-Entertainment,SGD,6501,3,17.5,1
Media-Entertainment,GBP,397,4,17.5,1
Media-Entertainment,SGD,6501,3,17.51,1
Media-Entertainment,SGD,6501,3,17.55,1
Media-Entertainment,USD,1099,5,17.98,1
Media-Entertainment,SGD,103,2,17.99,0
Media-Entertainment,SGD,103,2,17.99,0
Media-Entertainment,SGD,103,2,17.99,1
Media-Entertainment,SGD,2433,3,17.99,0
Media-Entertainment,SGD,2433,3,17.99,0
Media-Entertainment,SGD,2433,3,17.99,0
Media-Entertainment,SGD,1685,3,18,1
Media-Entertainment,SGD,6501,3,18.01,1
Media-Entertainment,SGD,6501,3,18.05,1
Media-Entertainment,SGD,6501,3,18.05,1
Media-Entertainment,SGD,6501,3,18.26,1
Media-Entertainment,GBP,37,4,18.39,1
Media-Entertainment,GBP,213,4,18.39,1
Media-Entertainment,GBP,3687,5,18.39,1
Media-Entertainment,SGD,6501,3,18.49,1
Media-Entertainment,SGD,6501,3,18.5,1
Media-Entertainment,SGD,6501,3,18.5,1
Media-Entertainment,USD,413,4,18.61,0
Media-Entertainment,USD,1229,5,18.61,0
Media-Entertainment,GBP,621,4,18.91,0
Media-Entertainment,GBP,1267,4,18.91,0
Media-Entertainment,GBP,1267,4,18.91,0
Media-Entertainment,GBP,1267,4,18.91,0
Media-Entertainment,GBP,733,5,18.91,0
Media-Entertainment,SGD,269,3,18.99,0
Media-Entertainment,SGD,269,3,18.99,0
Media-Entertainment,SGD,75457,4,18.99,0
Media-Entertainment,SGD,6501,3,19.39,1
Media-Entertainment,SGD,6501,3,19.5,1
Media-Entertainment,SGD,945,3,19.5,1
Media-Entertainment,SGD,1685,3,19.5,1
Media-Entertainment,SGD,1375,4,19.5,0
Media-Entertainment,SGD,1375,4,19.5,0
Media-Entertainment,SGD,1375,4,19.5,0
Media-Entertainment,SGD,1375,4,19.5,0
Media-Entertainment,SGD,1375,4,19.5,1
Media-Entertainment,GBP,5985,4,19.82,1
Media-Entertainment,GBP,37,4,19.82,1
Media-Entertainment,USD,413,4,19.84,0
Media-Entertainment,SGD,4575,4,19.95,0
Media-Entertainment,SGD,4575,4,19.95,0
Media-Entertainment,SGD,4575,4,19.95,0
Media-Entertainment,SGD,10037,2,19.99,1
Media-Entertainment,SGD,6501,3,19.99,1
Media-Entertainment,SGD,269,3,19.99,0
Media-Entertainment,SGD,1375,4,19.99,1
Media-Entertainment,SGD,5989,4,19.99,0
Media-Entertainment,SGD,75457,4,19.99,0
Media-Entertainment,SGD,6501,3,20,1
Media-Entertainment,SGD,6501,3,20,1
Media-Entertainment,SGD,1685,3,20,1
Media-Entertainment,GBP,213,4,20.08,1
Media-Entertainment,SGD,3297,3,20.45,1
Media-Entertainment,SGD,10037,2,20.49,1
Media-Entertainment,SGD,6501,3,20.5,1
Media-Entertainment,SGD,6501,3,20.5,1
Media-Entertainment,SGD,6501,3,20.5,1
Media-Entertainment,SGD,1685,3,20.5,1
Media-Entertainment,SGD,389,3,20.52,1
Media-Entertainment,SGD,1685,3,20.55,1
Media-Entertainment,SGD,18009,4,20.55,1
Media-Entertainment,GBP,533,1,20.69,0
Media-Entertainment,GBP,403,4,20.71,1
Media-Entertainment,USD,11405,5,21.07,1
Media-Entertainment,SGD,6501,3,21.55,1
Media-Entertainment,GBP,239,4,21.6,1
Media-Entertainment,GBP,213,4,21.6,1
Media-Entertainment,GBP,397,4,21.6,1
Media-Entertainment,SGD,1375,4,21.67,1
Media-Entertainment,SGD,6501,3,21.71,1
Media-Entertainment,GBP,1267,4,21.96,1
Media-Entertainment,SGD,6457,4,22.26,1
Media-Entertainment,USD,3709,4,22.3,0
Media-Entertainment,USD,413,4,22.91,1
Media-Entertainment,SGD,11627,3,22.92,0
Media-Entertainment,GBP,37,4,22.94,1
Media-Entertainment,SGD,1375,4,23,1
Media-Entertainment,SGD,3297,3,23.95,1
Media-Entertainment,GBP,239,4,24.28,1
Media-Entertainment,SGD,11625,2,24.92,0
Media-Entertainment,SGD,2433,3,24.99,0
Media-Entertainment,SGD,5989,4,24.99,0
Media-Entertainment,SGD,6615,4,24.99,0
Media-Entertainment,SGD,6501,3,25.5,1
Media-Entertainment,SGD,11627,3,25.92,0
Media-Entertainment,USD,2605,4,27.01,1
Media-Entertainment,SGD,5989,4,27.51,1
Media-Entertainment,GBP,2299,2,27.85,1
Media-Entertainment,GBP,397,4,27.85,1
Media-Entertainment,USD,1833,3,27.86,1
Media-Entertainment,SGD,6501,3,28,1
Media-Entertainment,SGD,3297,3,28.25,1
Media-Entertainment,SGD,6501,3,28.5,1
Media-Entertainment,GBP,2299,2,28.74,1
Media-Entertainment,GBP,37,4,28.74,1
Media-Entertainment,SGD,3297,3,28.86,1
Media-Entertainment,SGD,3297,3,29.59,1
Media-Entertainment,SGD,5989,4,29.99,0
Media-Entertainment,SGD,3297,3,30.5,1
Media-Entertainment,GBP,2299,2,30.52,1
Media-Entertainment,SGD,5989,4,31.49,1
Media-Entertainment,USD,1317,5,31.55,1
Media-Entertainment,USD,1317,5,32.14,1
Media-Entertainment,SGD,1375,4,32.67,1
Media-Entertainment,SGD,269,3,32.76,1
Media-Entertainment,GBP,37,4,33.22,1
Media-Entertainment,GBP,1267,4,34.99,1
Media-Entertainment,SGD,6011,4,34.99,0
Media-Entertainment,SGD,2433,3,36,1
Media-Entertainment,SGD,18009,4,36,1
Media-Entertainment,SGD,5989,4,36,1
Media-Entertainment,SGD,59,4,36,1
Media-Entertainment,SGD,6501,3,37,1
Media-Entertainment,SGD,1375,4,37.17,1
Media-Entertainment,SGD,5989,4,37.17,1
Media-Entertainment,USD,10107,5,40.85,1
Media-Entertainment,SGD,3297,3,42.51,1
Media-Entertainment,SGD,6557,2,43.56,1
Media-Entertainment,USD,575,3,43.82,1
Media-Entertainment,USD,413,4,43.82,1
Media-Entertainment,SGD,6011,4,44.99,0
Media-Entertainment,SGD,6011,4,44.99,0
Media-Entertainment,SGD,6011,4,44.99,0
Media-Entertainment,SGD,6011,4,44.99,0
Media-Entertainment,SGD,3297,3,46,1
Media-Entertainment,USD,17,2,46.89,0
Media-Entertainment,SGD,6011,4,46.99,1
Media-Entertainment,SGD,249,4,47,1
Media-Entertainment,SGD,6011,4,50,1
Media-Entertainment,SGD,6011,4,54.01,1
Media-Entertainment,SGD,6011,4,54.99,0
Media-Entertainment,SGD,269,3,55.44,1
Media-Entertainment,SGD,6011,4,59.99,0
Media-Entertainment,SGD,6011,4,61,1
Media-Entertainment,GBP,5985,4,65.33,1
Media-Entertainment,SGD,6011,4,73,1
Media-Entertainment,SGD,6011,4,73,1
Media-Entertainment,SGD,6011,4,76,1
Media-Entertainment,GBP,557,4,86.74,1
Media-Entertainment,GBP,557,4,192.04,1
Miscellaneous,SGD,221,4,10.99,0
Miscellaneous,SGD,427,4,11.99,0
Miscellaneous,SGD,18009,4,12.99,0
Miscellaneous,GBP,467,2,15.34,0
Miscellaneous,SGD,2533,4,15.7,0
Miscellaneous,SGD,2535,4,15.7,0
Miscellaneous,GBP,467,2,17.12,1
Miscellaneous,SGD,1631,4,19.99,0
Miscellaneous,SGD,1631,4,19.99,0
Miscellaneous,SGD,1631,4,19.99,0
Miscellaneous,SGD,2251,5,19.99,0
Miscellaneous,SGD,8797,4,20.99,0
Miscellaneous,SGD,1631,2,21.99,0
Miscellaneous,SGD,121,2,29,1
Miscellaneous,SGD,3151,4,36.07,1
Miscellaneous,SGD,3329,2,49.99,0
Miscellaneous,SGD,115,4,185,1
Photography,GBP,10587,4,11.78,0
Photography,GBP,10587,4,11.78,0
Photography,SGD,7229,4,13.99,1
Photography,SGD,11445,2,14.15,0
Photography,SGD,3621,4,14.99,0
Photography,SGD,763,4,16.5,1
Photography,SGD,5891,4,17.5,0
Photography,GBP,217,5,17.5,1
Photography,SGD,1085,4,19.99,0
Photography,USD,367,5,23.71,1
Photography,GBP,145,4,27.85,1
Photography,SGD,27,4,28.5,1
Photography,SGD,3207,4,30.5,1
Photography,SGD,2011,2,36.78,1
Photography,SGD,1605,2,36.99,1
Photography,SGD,1147,4,39.95,0
Photography,SGD,1147,3,40,0
Photography,SGD,953,4,81,1
Photography,SGD,1989,4,89.99,0
Photography,SGD,1989,4,90.99,1
Photography,SGD,1989,4,90.99,1
Photography,SGD,1989,4,109.99,0
Photography,SGD,1989,4,109.99,0
Photography,SGD,1989,4,109.99,0
Photography,SGD,1989,4,109.99,0
Photography,SGD,1989,4,109.99,0
Photography,SGD,1989,4,169.99,0
Photography,SGD,69,4,177.5,1
Photography,SGD,245,2,207.5,1
Photography,USD,15,2,215.37,1
Photography,GBP,75,4,349.09,1
Photography,SGD,643,2,570,1
Photography,SGD,31,3,981,1
Sports-Outdoors,SGD,68689,1,10.11,1
Sports-Outdoors,USD,1733,5,11.23,0
Sports-Outdoors,USD,8735,5,12.45,0
Sports-Outdoors,SGD,18009,4,12.99,0
Sports-Outdoors,SGD,18009,4,12.99,0
Sports-Outdoors,SGD,2533,4,14,0
Sports-Outdoors,SGD,2535,4,14.25,1
Sports-Outdoors,SGD,2535,4,14.89,0
Sports-Outdoors,SGD,477,2,14.99,0
Sports-Outdoors,SGD,2535,4,15.14,1
Sports-Outdoors,SGD,2533,4,15.5,1
Sports-Outdoors,USD,301,3,16.15,0
Sports-Outdoors,SGD,2535,4,16.79,0
Sports-Outdoors,USD,10703,4,16.97,1
Sports-Outdoors,SGD,435,4,17.5,1
Sports-Outdoors,SGD,435,4,18,0
Sports-Outdoors,USD,11405,5,18.76,1
Sports-Outdoors,SGD,10363,4,19.95,0
Sports-Outdoors,SGD,61191,2,19.99,0
Sports-Outdoors,SGD,435,4,19.99,0
Sports-Outdoors,SGD,10903,4,20.49,1
Sports-Outdoors,SGD,10903,4,20.49,1
Sports-Outdoors,USD,11405,5,21.07,0
Sports-Outdoors,USD,11405,5,21.07,0
Sports-Outdoors,USD,11405,5,21.07,0
Sports-Outdoors,USD,11405,5,21.07,0
Sports-Outdoors,USD,11405,5,21.07,0
Sports-Outdoors,USD,11405,5,21.07,0
Sports-Outdoors,USD,11405,5,21.68,1
Sports-Outdoors,GBP,239,4,21.96,1
Sports-Outdoors,USD,11405,5,22.3,1
Sports-Outdoors,USD,11405,5,22.31,1
Sports-Outdoors,USD,39,3,22.91,1
Sports-Outdoors,USD,959,4,22.97,1
Sports-Outdoors,SGD,10545,3,23.95,0
Sports-Outdoors,SGD,2533,3,23.99,0
Sports-Outdoors,USD,3813,5,24.13,1
Sports-Outdoors,GBP,161,4,25.15,1
Sports-Outdoors,USD,11405,5,25.97,0
Sports-Outdoors,SGD,54267,3,27.01,1
Sports-Outdoors,SGD,2535,3,28.25,0
Sports-Outdoors,SGD,54267,3,29.02,1
Sports-Outdoors,USD,11405,5,29.64,1
Sports-Outdoors,SGD,10545,4,30.95,0
Sports-Outdoors,USD,11405,5,33.37,0
Sports-Outdoors,USD,11405,5,33.37,0
Sports-Outdoors,USD,11405,5,33.37,0
Sports-Outdoors,SGD,8569,3,33.5,1
Sports-Outdoors,USD,11405,5,33.98,1
Sports-Outdoors,USD,11405,5,35.22,1
Sports-Outdoors,USD,11405,5,35.38,1
Sports-Outdoors,SGD,54267,3,35.65,1
Sports-Outdoors,SGD,1087,4,37.95,1
Sports-Outdoors,SGD,54267,3,38.03,1
Sports-Outdoors,SGD,54267,3,40.99,1
Sports-Outdoors,SGD,54267,3,41,1
Sports-Outdoors,SGD,10545,4,41.95,0
Sports-Outdoors,SGD,65,4,44,1
Sports-Outdoors,SGD,54267,3,44.12,1
Sports-Outdoors,USD,11405,2,45.66,0
Sports-Outdoors,USD,11405,5,45.66,0
Sports-Outdoors,USD,11405,5,45.66,0
Sports-Outdoors,USD,11405,5,49.35,0
Sports-Outdoors,SGD,54267,3,51.57,1
Sports-Outdoors,SGD,54267,3,52.12,1
Sports-Outdoors,SGD,54267,3,58.37,1
Sports-Outdoors,USD,221,3,59.8,1
Sports-Outdoors,SGD,54267,3,61,1
Sports-Outdoors,USD,221,3,61.03,1
Sports-Outdoors,SGD,5,4,62,1
Sports-Outdoors,SGD,54267,3,70,1
Sports-Outdoors,GBP,47,4,72.46,1
Sports-Outdoors,SGD,54267,3,73.36,1
Sports-Outdoors,SGD,54267,3,74.33,1
Sports-Outdoors,SGD,5,4,75.87,1
Sports-Outdoors,SGD,127,3,76,1
Sports-Outdoors,GBP,1913,4,76.03,1
Sports-Outdoors,SGD,54267,3,76.65,1
Sports-Outdoors,SGD,215,2,77.66,1
Sports-Outdoors,SGD,54267,3,81,1
Sports-Outdoors,USD,2813,4,82.56,0
Sports-Outdoors,USD,2813,4,82.56,0
Sports-Outdoors,SGD,607,4,87.55,1
Sports-Outdoors,SGD,54267,3,88,1
Sports-Outdoors,SGD,37,4,89,1
Sports-Outdoors,SGD,5,4,91,1
Sports-Outdoors,USD,221,4,91.16,1
Sports-Outdoors,SGD,54267,3,97.73,1
Sports-Outdoors,SGD,54267,3,115.5,1
Sports-Outdoors,SGD,54267,3,119,1
Sports-Outdoors,SGD,54267,3,121.95,1
Sports-Outdoors,SGD,54267,3,123.86,1
Sports-Outdoors,SGD,54267,3,127.5,1
Sports-Outdoors,SGD,54267,3,131,1
Sports-Outdoors,SGD,54267,3,132.51,1
Sports-Outdoors,SGD,54267,3,132.85,1
Sports-Outdoors,SGD,54267,3,133.5,1
Sports-Outdoors,SGD,54267,3,137.5,1
Sports-Outdoors,SGD,127,3,137.63,1
Sports-Outdoors,SGD,54267,3,138.86,1
Sports-Outdoors,SGD,54267,3,146.49,1
Sports-Outdoors,SGD,54267,3,147.5,1
Sports-Outdoors,SGD,54267,3,152.53,1
Sports-Outdoors,SGD,54267,3,152.75,1
Sports-Outdoors,SGD,54267,3,157.5,1
Sports-Outdoors,SGD,54267,3,161.5,1
Sports-Outdoors,SGD,54267,3,162.5,1
Sports-Outdoors,SGD,54267,3,165.99,1
Sports-Outdoors,GBP,71,4,183.12,1
Sports-Outdoors,SGD,54267,3,212.36,1
Sports-Outdoors,SGD,54267,3,217.86,1
Sports-Outdoors,SGD,54267,3,225.5,1
Sports-Outdoors,SGD,54267,3,226,1
Sports-Outdoors,SGD,54267,3,237.5,1
Sports-Outdoors,SGD,54267,3,280,1
Sports-Outdoors,SGD,54267,3,280.12,1
Sports-Outdoors,SGD,271,1,290,1
Sports-Outdoors,SGD,54267,3,305,1
Sports-Outdoors,SGD,54267,3,315,1
Sports-Outdoors,SGD,4759,2,400,1
Sports-Outdoors,SGD,5,4,427.99,1
Sports-Outdoors,SGD,6327,3,476,1
Sports-Outdoors,SGD,145,4,740,1
Sports-Outdoors,SGD,4759,1,870,1
Travel,USD,57,4,11.23,0
Travel,USD,57,4,11.23,0
Travel,USD,1489,5,11.84,1
Travel,SGD,2533,4,13.35,0
Travel,SGD,2535,4,13.35,0
Travel,USD,1515,5,16.15,0
Travel,SGD,16205,2,20.5,1
Travel,SGD,1685,4,23.25,1
Travel,SGD,4339,2,25.49,1
Travel,SGD,16205,2,26.5,1
Travel,USD,251,4,30.29,1
Travel,GBP,811,3,32.49,1
Travel,SGD,10903,2,36,1
Travel,SGD,16205,2,40,1
Travel,USD,11405,5,43.83,1
Travel,SGD,1627,4,73,1
Travel,SGD,99,2,187.5,1
Travel,USD,15,4,286.69,0
VideoGames,SGD,6557,2,10.99,0
VideoGames,SGD,6557,2,10.99,0
VideoGames,SGD,6557,2,10.99,0
VideoGames,SGD,6773,4,10.99,0
VideoGames,SGD,2251,4,11.25,1
VideoGames,SGD,6557,2,11.5,1
VideoGames,GBP,5985,4,11.77,0
VideoGames,GBP,5985,4,11.77,0
VideoGames,USD,603,5,11.84,0
VideoGames,USD,603,5,11.84,0
VideoGames,USD,603,5,11.84,0
VideoGames,GBP,5985,4,11.86,1
VideoGames,SGD,6773,4,11.99,0
VideoGames,SGD,6773,4,11.99,0
VideoGames,SGD,6773,4,11.99,0
VideoGames,SGD,6773,4,11.99,0
VideoGames,SGD,6773,4,11.99,0
VideoGames,SGD,6773,4,11.99,0
VideoGames,SGD,6773,4,11.99,0
VideoGames,SGD,6773,4,11.99,0
VideoGames,SGD,18009,4,11.99,0
VideoGames,GBP,5985,4,12.14,1
VideoGames,GBP,5985,4,12.16,1
VideoGames,SGD,6773,4,12.24,1
VideoGames,SGD,6773,4,12.24,1
VideoGames,USD,603,5,12.45,0
VideoGames,USD,11657,5,12.45,0
VideoGames,USD,11657,5,12.45,0
VideoGames,USD,11657,5,12.45,0
VideoGames,SGD,6773,4,12.75,1
VideoGames,SGD,6773,4,12.75,0
VideoGames,SGD,6773,4,12.75,0
VideoGames,SGD,6773,4,12.75,0
VideoGames,SGD,6773,4,12.75,0
VideoGames,SGD,6773,4,12.75,0
VideoGames,SGD,6773,4,12.75,0
VideoGames,SGD,6773,4,12.75,0
VideoGames,SGD,6773,4,12.75,0
VideoGames,SGD,6773,4,12.75,0
VideoGames,SGD,6773,4,12.75,0
VideoGames,SGD,6773,4,12.75,0
VideoGames,SGD,6773,4,12.75,0
VideoGames,SGD,6773,4,12.75,0
VideoGames,SGD,6773,4,12.75,0
VideoGames,SGD,6773,4,12.75,0
VideoGames,SGD,6773,4,12.75,0
VideoGames,SGD,6773,4,12.8,1
VideoGames,SGD,6557,2,13,0
VideoGames,SGD,6557,2,13,0
VideoGames,USD,5017,4,13.06,1
VideoGames,GBP,5465,4,13.55,0
VideoGames,SGD,6773,4,13.75,0
VideoGames,SGD,6773,4,13.75,0
VideoGames,SGD,6773,4,13.75,0
VideoGames,SGD,18009,3,13.89,0
VideoGames,GBP,5985,4,13.93,1
VideoGames,SGD,6773,4,13.99,0
VideoGames,SGD,6773,4,13.99,0
VideoGames,SGD,6773,4,13.99,1
VideoGames,SGD,6557,2,14,0
VideoGames,SGD,6773,4,14,1
VideoGames,USD,211,5,14.43,1
VideoGames,SGD,6773,4,14.95,0
VideoGames,SGD,6773,4,14.95,0
VideoGames,SGD,6773,4,14.95,0
VideoGames,SGD,6773,4,14.95,0
VideoGames,SGD,6773,4,14.95,0
VideoGames,SGD,16203,1,14.99,0
VideoGames,SGD,2753,4,14.99,0
VideoGames,SGD,6773,4,14.99,0
VideoGames,SGD,6773,4,14.99,0
VideoGames,SGD,6557,2,15,0
VideoGames,SGD,6557,2,15,0
VideoGames,SGD,6773,4,15.02,1
VideoGames,GBP,5985,4,15.18,1
VideoGames,SGD,647,3,15.5,1
VideoGames,SGD,6773,4,15.51,1
VideoGames,USD,6183,5,15.58,1
VideoGames,SGD,6557,2,15.6,1
VideoGames,SGD,6773,4,15.69,1
VideoGames,GBP,589,5,15.71,1
VideoGames,USD,11657,5,15.72,1
VideoGames,SGD,6773,4,15.76,1
VideoGames,SGD,1621,2,15.99,0
VideoGames,SGD,16203,1,16,1
VideoGames,SGD,6773,4,16.05,1
VideoGames,USD,369,3,16.15,0
VideoGames,USD,369,5,16.15,0
VideoGames,USD,1533,5,16.15,0
VideoGames,USD,1533,5,16.15,0
VideoGames,SGD,6557,2,16.27,1
VideoGames,USD,119,4,16.76,0
VideoGames,SGD,2753,3,16.99,0
VideoGames,SGD,18009,4,16.99,0
VideoGames,SGD,6557,2,17,1
VideoGames,SGD,45005,3,17,0
VideoGames,SGD,5891,4,17,0
VideoGames,USD,6183,5,17.38,1
VideoGames,SGD,2753,4,17.99,0
VideoGames,SGD,6557,2,18.01,1
VideoGames,USD,6183,5,18.01,1
VideoGames,GBP,5985,4,18.39,1
VideoGames,SGD,6557,2,18.5,1
VideoGames,SGD,6773,4,18.53,1
VideoGames,USD,119,5,18.65,1
VideoGames,SGD,6773,4,18.99,0
VideoGames,SGD,6773,4,18.99,0
VideoGames,SGD,45005,3,19.5,0
VideoGames,SGD,45005,3,19.5,0
VideoGames,GBP,3539,4,19.82,1
VideoGames,USD,1279,5,19.86,1
VideoGames,SGD,2753,4,19.99,0
VideoGames,SGD,2753,4,19.99,0
VideoGames,SGD,2753,4,19.99,1
VideoGames,SGD,6773,4,19.99,1
VideoGames,SGD,6557,2,20.05,1
VideoGames,SGD,6773,4,20.13,1
VideoGames,SGD,16203,1,20.5,1
VideoGames,SGD,45005,3,20.5,1
VideoGames,SGD,45005,3,20.5,1
VideoGames,SGD,6773,4,20.5,1
VideoGames,SGD,45005,3,21,0
VideoGames,USD,1687,5,21.01,1
VideoGames,USD,1019,4,21.07,1
VideoGames,SGD,2753,4,21.5,1
VideoGames,GBP,5985,4,21.6,1
VideoGames,SGD,6773,4,21.8,1
VideoGames,USD,1019,4,22.3,1
VideoGames,SGD,18009,4,22.5,1
VideoGames,SGD,6773,4,22.5,1
VideoGames,SGD,2753,4,22.52,1
VideoGames,SGD,2753,4,22.84,1
VideoGames,USD,1019,4,22.91,1
VideoGames,USD,1995,4,22.91,1
VideoGames,SGD,45005,3,23,1
VideoGames,SGD,6773,4,23,1
VideoGames,SGD,45005,3,23.18,1
VideoGames,SGD,45005,3,24.11,1
VideoGames,SGD,45005,3,24.38,1
VideoGames,USD,541,5,24.72,1
VideoGames,SGD,1071,4,24.95,0
VideoGames,SGD,1071,4,24.95,0
VideoGames,SGD,1071,4,24.95,0
VideoGames,SGD,1071,4,24.95,0
VideoGames,SGD,1071,4,24.99,0
VideoGames,SGD,45005,3,25,0
VideoGames,SGD,50869,4,25.45,1
VideoGames,SGD,45005,3,25.5,1
VideoGames,SGD,2753,4,25.5,1
VideoGames,SGD,2753,4,25.5,1
VideoGames,USD,1995,4,25.99,1
VideoGames,SGD,45005,3,26,0
VideoGames,SGD,45005,3,26,0
VideoGames,SGD,45005,3,26.5,1
VideoGames,SGD,45005,3,26.5,1
VideoGames,SGD,1071,4,27,1
VideoGames,SGD,1071,4,27.5,1
VideoGames,SGD,1071,4,27.5,1
VideoGames,USD,1817,5,28.45,0
VideoGames,SGD,1271,1,28.49,0
VideoGames,SGD,50869,4,28.5,0
VideoGames,SGD,50869,4,28.5,0
VideoGames,SGD,1071,4,29.45,1
VideoGames,USD,6753,5,29.68,0
VideoGames,USD,1019,4,29.8,1
VideoGames,SGD,1071,4,29.95,0
VideoGames,SGD,2105,3,29.99,0
VideoGames,SGD,45005,3,30,0
VideoGames,SGD,45005,3,30,0
VideoGames,USD,3825,5,30.03,1
VideoGames,USD,1781,2,30.14,1
VideoGames,SGD,1515,2,30.5,0
VideoGames,SGD,45005,3,30.5,1
VideoGames,SGD,45005,3,30.5,1
VideoGames,SGD,45005,3,30.5,1
VideoGames,SGD,45005,3,30.5,1
VideoGames,SGD,45005,3,30.51,1
VideoGames,SGD,123,3,31.65,1
VideoGames,USD,787,4,32.14,0
VideoGames,USD,6753,4,32.14,0
VideoGames,SGD,45005,3,32.16,1
VideoGames,USD,6183,5,33.35,0
VideoGames,SGD,1071,4,33.86,1
VideoGames,SGD,6773,4,34.95,0
VideoGames,SGD,2753,4,35,1
VideoGames,SGD,11881,5,35,0
VideoGames,SGD,137,3,36,1
VideoGames,SGD,6557,2,36.01,1
VideoGames,SGD,3621,4,36.07,1
VideoGames,SGD,45005,3,36.56,1
VideoGames,SGD,1071,4,38,1
VideoGames,SGD,1071,4,39.95,0
VideoGames,SGD,6773,4,39.95,0
VideoGames,SGD,6773,4,39.95,0
VideoGames,SGD,1071,4,39.99,0
VideoGames,SGD,4439,2,40,0
VideoGames,USD,4809,3,41.69,1
VideoGames,USD,4809,3,42.59,1
VideoGames,USD,2629,4,42.72,1
VideoGames,SGD,1071,4,43,1
VideoGames,USD,119,5,43.45,1
VideoGames,SGD,1071,4,44.66,1
VideoGames,SGD,2813,2,44.99,0
VideoGames,SGD,1071,4,45.75,1
VideoGames,SGD,45005,3,45.99,1
VideoGames,SGD,3699,4,46,1
VideoGames,SGD,4611,4,47,1
VideoGames,USD,1279,5,49.97,1
VideoGames,SGD,45005,3,50,1
VideoGames,SGD,1071,4,51,1
VideoGames,SGD,279,3,52.58,1
VideoGames,SGD,6773,4,53,1
VideoGames,SGD,2447,3,53.78,1
VideoGames,SGD,1071,4,57.52,1
VideoGames,SGD,1299,3,58,1
VideoGames,SGD,6773,4,59.95,0
VideoGames,SGD,6773,4,59.95,0
VideoGames,SGD,1071,4,59.99,0
VideoGames,SGD,363,4,61,1
VideoGames,SGD,3643,5,62.01,1
VideoGames,USD,2397,5,62.26,1
VideoGames,SGD,2261,5,66.95,1
VideoGames,SGD,4527,4,71.59,1
VideoGames,SGD,1071,4,75.29,1
VideoGames,SGD,179,3,81,1
VideoGames,SGD,6773,4,89.95,0
VideoGames,SGD,1071,4,113.5,1
VideoGames,SGD,605,4,127.5,1
VideoGames,SGD,505,1,155,1
VideoGames,SGD,61,4,160,1
VideoGames,SGD,2645,2,162.5,1
VideoGames,SGD,1071,4,164.23,1
VideoGames,SGD,1017,4,173.72,1
VideoGames,SGD,73,1,720,1